"STATION","DATE","LATITUDE","LONGITUDE","ELEVATION","NAME","TEMP","TEMP_ATTRIBUTES","DEWP","DEWP_ATTRIBUTES","SLP","SLP_ATTRIBUTES","STP","STP_ATTRIBUTES","VISIB","VISIB_ATTRIBUTES","WDSP","WDSP_ATTRIBUTES","MXSPD","GUST","MAX","MAX_ATTRIBUTES","MIN","MIN_ATTRIBUTES","PRCP","PRCP_ATTRIBUTES","SNDP","FRSHTT"
"10513099999","2024-01-01","50.865917","7.142744","92.04","KOLN BONN, GM","  46.5","24","  38.1","24","9999.9"," 0","999.9"," 0","  6.2","24"," 11.5","24"," 17.1"," 27.0","  48.2","*","  44.6","*","99.99"," ","999.9","010000"
"10513099999","2024-01-02","50.865917","7.142744","92.04","KOLN BONN, GM","  49.6","24","  45.1","24","9999.9"," 0","999.9"," 0","  6.2","24"," 12.0","24"," 21.0"," 32.1","  53.6","*","  44.6","*","99.99"," ","999.9","010000"
"10513099999","2024-01-03","50.865917","7.142744","92.04","KOLN BONN, GM","  50.5","24","  42.6","24","9999.9"," 0","999.9"," 0","  6.2","24"," 13.8","24"," 22.9"," 34.0","  55.4","*","  46.4","*","99.99"," ","999.9","010000"
"10513099999","2024-01-04","50.865917","7.142744","92.04","KOLN BONN, GM","  46.2","24","  41.5","24","9999.9"," 0","999.9"," 0","  6.2","24"," 10.6","24"," 18.1","999.9","  48.2","*","  41.0","*","99.99"," ","999.9","010000"
"10513099999","2024-01-05","50.865917","7.142744","92.04","KOLN BONN, GM","  46.9","24","  38.1","24","9999.9"," 0","999.9"," 0","  6.2","24"," 10.6","24"," 17.1"," 24.1","  48.2","*","  44.6","*"," 0.00","I","999.9","000000"
"10513099999","2024-01-06","50.865917","7.142744","92.04","KOLN BONN, GM","  39.5","24","  38.4","24","9999.9"," 0","999.9"," 0","  5.1","24","  6.3","24"," 12.0","999.9","  44.6","*","  35.6","*","99.99"," ","999.9","010000"
"10513099999","2024-01-07","50.865917","7.142744","92.04","KOLN BONN, GM","  33.6","24","  28.2","24","9999.9"," 0","999.9"," 0","  6.2","24","  8.3","24"," 15.9","999.9","  35.6","*","  30.2","*","99.99"," ","999.9","010000"
"10513099999","2024-01-08","50.865917","7.142744","92.04","KOLN BONN, GM","  28.1","24","  16.7","24","9999.9"," 0","999.9"," 0","  6.1","24","  8.0","24"," 14.0","999.9","  32.0","*","  21.2","*","99.99"," ","999.9","001000"
"10513099999","2024-01-09","50.865917","7.142744","92.04","KOLN BONN, GM","  24.0","24","  11.2","24","9999.9"," 0","999.9"," 0","  6.2","24","  2.9","24","  8.9","999.9","  37.4","*","  14.0","*"," 0.00","I","999.9","000000"
"10513099999","2024-01-10","50.865917","7.142744","92.04","KOLN BONN, GM","  21.9","24","  13.8","24","9999.9"," 0","999.9"," 0","  6.2","24","  3.1","24","  7.0","999.9","  32.0","*","  15.8","*"," 0.00","I","999.9","000000"
"10513099999","2024-01-11","50.865917","7.142744","92.04","KOLN BONN, GM","  23.3","24","  18.4","24","9999.9"," 0","999.9"," 0","  6.2","24","  2.9","24","  7.0","999.9","  32.0","*","  14.0","*"," 0.00","I","999.9","000000"
"10513099999","2024-01-12","50.865917","7.142744","92.04","KOLN BONN, GM","  31.1","24","  30.1","24","9999.9"," 0","999.9"," 0","  3.2","24","  2.6","24","  5.1","999.9","  32.0","*","  28.4","*","99.99"," ","999.9","011000"
"10513099999","2024-01-13","50.865917","7.142744","92.04","KOLN BONN, GM","  34.2","24","  32.1","24","9999.9"," 0","999.9"," 0","  4.9","24","  6.5","24"," 12.0","999.9","  35.6","*","  32.0","*","99.99"," ","999.9","011000"
"10513099999","2024-01-14","50.865917","7.142744","92.04","KOLN BONN, GM","  33.7","24","  31.3","24","9999.9"," 0","999.9"," 0","  5.6","24","  6.2","24"," 14.0","999.9","  35.6","*","  32.0","*","99.99"," ","999.9","011000"
"10513099999","2024-01-15","50.865917","7.142744","92.04","KOLN BONN, GM","  33.9","24","  31.2","24","9999.9"," 0","999.9"," 0","  5.7","24"," 12.3","24"," 17.1","999.9","  35.6","*","  32.0","*","99.99"," ","999.9","011000"
"10513099999","2024-01-16","50.865917","7.142744","92.04","KOLN BONN, GM","  31.5","24","  25.0","24","9999.9"," 0","999.9"," 0","  6.2","24","  8.4","24"," 15.0","999.9","  33.8","*","  24.8","*","99.99"," ","999.9","001000"
"10513099999","2024-01-17","50.865917","7.142744","92.04","KOLN BONN, GM","  28.0","24","  24.7","24","9999.9"," 0","999.9"," 0","  4.1","24","  4.3","24","  8.0","999.9","  30.2","*","  23.0","*","99.99"," ","999.9","001000"
"10513099999","2024-01-18","50.865917","7.142744","92.04","KOLN BONN, GM","  28.5","24","  26.8","24","9999.9"," 0","999.9"," 0","  4.1","24","  3.0","24","  6.0","999.9","  30.2","*","  26.6","*","99.99"," ","999.9","001000"
"10513099999","2024-01-19","50.865917","7.142744","92.04","KOLN BONN, GM","  28.8","24","  26.0","24","9999.9"," 0","999.9"," 0","  4.7","24","  3.5","24","  7.0","999.9","  35.6","*","  23.0","*"," 0.00","I","999.9","100000"
"10513099999","2024-01-20","50.865917","7.142744","92.04","KOLN BONN, GM","  25.1","24","  19.8","24","9999.9"," 0","999.9"," 0","  6.2","24","  5.0","24"," 11.1","999.9","  32.0","*","  15.8","*"," 0.00","I","999.9","000000"
"10513099999","2024-01-21","50.865917","7.142744","92.04","KOLN BONN, GM","  33.9","24","  25.5","24","9999.9"," 0","999.9"," 0","  6.2","24"," 10.8","24"," 15.9"," 25.1","  44.6","*","  28.4","*"," 0.00","I","999.9","000000"
"10513099999","2024-01-22","50.865917","7.142744","92.04","KOLN BONN, GM","  48.9","24","  40.9","24","9999.9"," 0","999.9"," 0","  6.2","24"," 14.5","24"," 22.0"," 28.9","  53.6","*","  44.6","*","99.99"," ","999.9","010000"
"10513099999","2024-01-23","50.865917","7.142744","92.04","KOLN BONN, GM","  46.2","24","  38.9","24","9999.9"," 0","999.9"," 0","  6.2","24"," 12.3","24"," 20.0"," 33.0","  53.6","*","  42.8","*","99.99"," ","999.9","010000"
"10513099999","2024-01-24","50.865917","7.142744","92.04","KOLN BONN, GM","  52.7","24","  43.2","24","9999.9"," 0","999.9"," 0","  6.2","24"," 17.9","24"," 29.9"," 40.0","  57.2","*","  46.4","*","99.99"," ","999.9","010000"
"10513099999","2024-01-25","50.865917","7.142744","92.04","KOLN BONN, GM","  45.9","24","  41.2","24","9999.9"," 0","999.9"," 0","  5.7","24","  5.0","24"," 12.0","999.9","  50.0","*","  37.4","*","99.99"," ","999.9","010000"
"10513099999","2024-01-26","50.865917","7.142744","92.04","KOLN BONN, GM","  46.8","24","  41.4","24","9999.9"," 0","999.9"," 0","  6.2","24"," 11.1","24"," 26.0"," 35.9","  53.6","*","  37.4","*","99.99"," ","999.9","010000"
"10513099999","2024-01-27","50.865917","7.142744","92.04","KOLN BONN, GM","  37.8","24","  30.7","24","9999.9"," 0","999.9"," 0","  6.2","24","  3.0","24","  7.0","999.9","  48.2","*","  28.4","*"," 0.00","I","999.9","000000"
"10513099999","2024-01-28","50.865917","7.142744","92.04","KOLN BONN, GM","  42.7","24","  29.5","24","9999.9"," 0","999.9"," 0","  6.2","24","  8.3","24"," 12.0"," 20.0","  51.8","*","  33.8","*"," 0.00","I","999.9","000000"
"10513099999","2024-01-29","50.865917","7.142744","92.04","KOLN BONN, GM","  47.6","24","  36.8","24","9999.9"," 0","999.9"," 0","  6.2","24","  7.3","24","  9.9","999.9","  55.4","*","  41.0","*"," 0.00","I","999.9","000000"
"10513099999","2024-01-30","50.865917","7.142744","92.04","KOLN BONN, GM","  48.0","24","  41.1","24","9999.9"," 0","999.9"," 0","  6.2","24","  7.1","24"," 12.0","999.9","  53.6","*","  44.6","*"," 0.00","I","999.9","000000"
"10513099999","2024-01-31","50.865917","7.142744","92.04","KOLN BONN, GM","  42.6","24","  37.2","24","9999.9"," 0","999.9"," 0","  5.9","24","  4.9","24","  8.0","999.9","  46.4","*","  35.6","*","99.99"," ","999.9","010000"
"10513099999","2024-02-01","50.865917","7.142744","92.04","KOLN BONN, GM","  43.8","24","  38.3","24","9999.9"," 0","999.9"," 0","  6.0","24","  7.7","24"," 13.0","999.9","  48.2","*","  35.6","*","99.99"," ","999.9","010000"
"10513099999","2024-02-02","50.865917","7.142744","92.04","KOLN BONN, GM","  44.5","24","  36.9","24","9999.9"," 0","999.9"," 0","  6.1","24","  8.0","24"," 15.9","999.9","  51.8","*","  37.4","*","99.99"," ","999.9","010000"
"10513099999","2024-02-03","50.865917","7.142744","92.04","KOLN BONN, GM","  49.2","24","  46.5","24","9999.9"," 0","999.9"," 0","  5.8","24"," 11.7","24"," 17.1","999.9","  51.8","*","  46.4","*","99.99"," ","999.9","010000"
"10513099999","2024-02-04","50.865917","7.142744","92.04","KOLN BONN, GM","  50.6","24","  48.1","24","9999.9"," 0","999.9"," 0","  5.5","24"," 14.5","24"," 21.0"," 29.9","  51.8","*","  48.2","*","99.99"," ","999.9","010000"
"10513099999","2024-02-05","50.865917","7.142744","92.04","KOLN BONN, GM","  51.1","24","  42.7","24","9999.9"," 0","999.9"," 0","  6.2","24"," 11.2","24"," 19.0"," 28.0","  57.2","*","  46.4","*","99.99"," ","999.9","010000"
"10513099999","2024-02-06","50.865917","7.142744","92.04","KOLN BONN, GM","  51.3","24","  42.2","24","9999.9"," 0","999.9"," 0","  6.2","24"," 14.4","24"," 21.0"," 33.0","  53.6","*","  48.2","*"," 0.00","I","999.9","000000"
"10513099999","2024-02-07","50.865917","7.142744","92.04","KOLN BONN, GM","  42.4","24","  39.7","24","9999.9"," 0","999.9"," 0","  6.0","24","  7.2","24"," 18.1","999.9","  51.8","*","  37.4","*","99.99"," ","999.9","010000"
"10513099999","2024-02-08","50.865917","7.142744","92.04","KOLN BONN, GM","  43.2","24","  42.2","24","9999.9"," 0","999.9"," 0","  5.7","24","  5.0","24","  9.9","999.9","  51.8","*","  37.4","*","99.99"," ","999.9","010000"
"10513099999","2024-02-09","50.865917","7.142744","92.04","KOLN BONN, GM","  51.8","24","  47.6","24","9999.9"," 0","999.9"," 0","  6.2","24","  8.8","24"," 12.0","999.9","  55.4","*","  48.2","*","99.99"," ","999.9","010000"
"10513099999","2024-02-10","50.865917","7.142744","92.04","KOLN BONN, GM","  50.4","24","  47.6","24","9999.9"," 0","999.9"," 0","  6.1","24","  5.1","24","  8.9","999.9","  55.4","*","  46.4","*","99.99"," ","999.9","010000"
"10513099999","2024-02-11","50.865917","7.142744","92.04","KOLN BONN, GM","  48.4","24","  44.3","24","9999.9"," 0","999.9"," 0","  6.2","24","  5.2","24"," 12.0","999.9","  51.8","*","  44.6","*","99.99"," ","999.9","010000"
"10513099999","2024-02-12","50.865917","7.142744","92.04","KOLN BONN, GM","  45.1","24","  40.5","24","9999.9"," 0","999.9"," 0","  6.2","24","  6.5","24"," 13.0","999.9","  50.0","*","  37.4","*","99.99"," ","999.9","010000"
"10513099999","2024-02-13","50.865917","7.142744","92.04","KOLN BONN, GM","  42.5","24","  36.1","24","9999.9"," 0","999.9"," 0","  6.2","24","  7.2","24"," 12.0","999.9","  51.8","*","  33.8","*","99.99"," ","999.9","010000"
"10513099999","2024-02-14","50.865917","7.142744","92.04","KOLN BONN, GM","  50.6","24","  45.9","24","9999.9"," 0","999.9"," 0","  6.0","24","  7.7","24"," 13.0","999.9","  55.4","*","  46.4","*","99.99"," ","999.9","010000"
"10513099999","2024-02-15","50.865917","7.142744","92.04","KOLN BONN, GM","  55.5","24","  49.0","24","9999.9"," 0","999.9"," 0","  6.2","24","  8.5","24"," 13.0","999.9","  60.8","*","  51.8","*","99.99"," ","999.9","010000"
"10513099999","2024-02-16","50.865917","7.142744","92.04","KOLN BONN, GM","  54.1","24","  49.0","24","9999.9"," 0","999.9"," 0","  6.1","24","  5.8","24"," 11.1","999.9","  57.2","*","  50.0","*","99.99"," ","999.9","010000"
"10513099999","2024-02-17","50.865917","7.142744","92.04","KOLN BONN, GM","  50.0","24","  46.3","24","9999.9"," 0","999.9"," 0","  6.1","24","  4.3","24","  8.9","999.9","  53.6","*","  42.8","*"," 0.00","I","999.9","000000"
"10513099999","2024-02-18","50.865917","7.142744","92.04","KOLN BONN, GM","  47.3","24","  44.0","24","9999.9"," 0","999.9"," 0","  6.0","24","  8.9","24"," 17.1"," 27.0","  51.8","*","  42.8","*","99.99"," ","999.9","010000"
"10513099999","2024-02-19","50.865917","7.142744","92.04","KOLN BONN, GM","  48.6","24","  44.5","24","9999.9"," 0","999.9"," 0","  6.0","24"," 10.3","24"," 17.1"," 27.0","  53.6","*","  46.4","*","99.99"," ","999.9","010000"
"10513099999","2024-02-20","50.865917","7.142744","92.04","KOLN BONN, GM","  46.5","24","  40.6","24","9999.9"," 0","999.9"," 0","  6.0","24","  6.4","24"," 12.0","999.9","  53.6","*","  41.0","*"," 0.00","I","999.9","000000"
"10513099999","2024-02-21","50.865917","7.142744","92.04","KOLN BONN, GM","  48.1","24","  40.1","24","9999.9"," 0","999.9"," 0","  6.2","24","  8.8","24"," 15.0","999.9","  51.8","*","  44.6","*","99.99"," ","999.9","010000"
"10513099999","2024-02-22","50.865917","7.142744","92.04","KOLN BONN, GM","  50.1","24","  45.4","24","9999.9"," 0","999.9"," 0","  6.2","24"," 12.7","24"," 34.0"," 48.0","  57.2","*","  42.8","*","99.99"," ","999.9","010000"
"10513099999","2024-02-23","50.865917","7.142744","92.04","KOLN BONN, GM","  43.5","24","  35.0","24","9999.9"," 0","999.9"," 0","  6.2","24"," 10.7","24"," 18.1"," 28.0","  48.2","*","  37.4","*","99.99"," ","999.9","010000"
"10513099999","2024-02-24","50.865917","7.142744","92.04","KOLN BONN, GM","  41.8","24","  34.4","24","9999.9"," 0","999.9"," 0","  6.2","24","  9.1","24"," 17.1","999.9","  46.4","*","  37.4","*","99.99"," ","999.9","010000"
"10513099999","2024-02-25","50.865917","7.142744","92.04","KOLN BONN, GM","  44.4","24","  34.7","24","9999.9"," 0","999.9"," 0","  6.2","24","  9.4","24"," 13.0","999.9","  50.0","*","  41.0","*","99.99"," ","999.9","010000"
"10513099999","2024-02-26","50.865917","7.142744","92.04","KOLN BONN, GM","  43.5","24","  40.0","24","9999.9"," 0","999.9"," 0","  6.2","24","  7.2","24"," 12.0","999.9","  46.4","*","  41.0","*","99.99"," ","999.9","010000"
"10513099999","2024-02-27","50.865917","7.142744","92.04","KOLN BONN, GM","  43.2","24","  38.2","24","9999.9"," 0","999.9"," 0","  5.8","24","  5.6","24"," 13.0","999.9","  51.8","*","  35.6","*","99.99"," ","999.9","010000"
"10513099999","2024-02-28","50.865917","7.142744","92.04","KOLN BONN, GM","  42.0","24","  35.6","24","9999.9"," 0","999.9"," 0","  5.0","24","  3.2","24","  7.0","999.9","  50.0","*","  37.4","*"," 0.00","I","999.9","000000"
"10513099999","2024-02-29","50.865917","7.142744","92.04","KOLN BONN, GM","  45.1","24","  33.2","24","9999.9"," 0","999.9"," 0","  6.2","24","  7.9","24"," 12.0","999.9","  55.4","*","  37.4","*"," 0.00","I","999.9","000000"
"10513099999","2024-03-01","50.865917","7.142744","92.04","KOLN BONN, GM","  46.2","24","  37.5","24","9999.9"," 0","999.9"," 0","  6.2","24","  8.7","24"," 15.0","999.9","  51.8","*","  41.0","*","99.99"," ","999.9","010000"
"10513099999","2024-03-02","50.865917","7.142744","92.04","KOLN BONN, GM","  50.8","24","  38.5","24","9999.9"," 0","999.9"," 0","  6.2","24"," 11.5","24"," 15.0","999.9","  57.2","*","  41.0","*"," 0.00","I","999.9","000000"
"10513099999","2024-03-03","50.865917","7.142744","92.04","KOLN BONN, GM","  53.2","24","  42.8","24","9999.9"," 0","999.9"," 0","  6.1","24","  5.8","24"," 12.0","999.9","  66.2","*","  46.4","*"," 0.00","I","999.9","000000"
"10513099999","2024-03-04","50.865917","7.142744","92.04","KOLN BONN, GM","  46.6","24","  42.2","24","9999.9"," 0","999.9"," 0","  6.0","24","  6.6","24"," 13.0","999.9","  48.2","*","  42.8","*","99.99"," ","999.9","010000"
"10513099999","2024-03-05","50.865917","7.142744","92.04","KOLN BONN, GM","  43.7","24","  41.8","24","9999.9"," 0","999.9"," 0","  3.9","24","  2.4","24","  5.1","999.9","  48.2","*","  39.2","*","99.99"," ","999.9","010000"
"10513099999","2024-03-06","50.865917","7.142744","92.04","KOLN BONN, GM","  45.2","24","  39.5","24","9999.9"," 0","999.9"," 0","  4.4","24","  3.2","24","  7.0","999.9","  53.6","*","  37.4","*"," 0.00","I","999.9","100000"
"10513099999","2024-03-07","50.865917","7.142744","92.04","KOLN BONN, GM","  42.4","24","  33.3","24","9999.9"," 0","999.9"," 0","  5.7","24","  7.3","24"," 12.0"," 21.0","  50.0","*","  35.6","*"," 0.00","I","999.9","000000"
"10513099999","2024-03-08","50.865917","7.142744","92.04","KOLN BONN, GM","  43.5","24","  30.0","24","9999.9"," 0","999.9"," 0","  6.2","24","  8.8","24"," 15.0"," 22.0","  51.8","*","  35.6","*"," 0.00","I","999.9","000000"
"10513099999","2024-03-09","50.865917","7.142744","92.04","KOLN BONN, GM","  49.1","24","  34.5","24","9999.9"," 0","999.9"," 0","  6.2","24","  7.8","24"," 13.0","999.9","  59.0","*","  41.0","*","99.99"," ","999.9","010000"
"10513099999","2024-03-10","50.865917","7.142744","92.04","KOLN BONN, GM","  52.2","24","  37.2","24","9999.9"," 0","999.9"," 0","  6.2","24","  6.6","24","  9.9","999.9","  59.0","*","  46.4","*","99.99"," ","999.9","010000"
"10513099999","2024-03-11","50.865917","7.142744","92.04","KOLN BONN, GM","  46.3","24","  44.7","24","9999.9"," 0","999.9"," 0","  5.2","24","  5.3","24","  9.9","999.9","  48.2","*","  44.6","*","99.99"," ","999.9","010000"
"10513099999","2024-03-12","50.865917","7.142744","92.04","KOLN BONN, GM","  46.3","24","  42.0","24","9999.9"," 0","999.9"," 0","  5.9","24","  6.8","24","  8.9","999.9","  50.0","*","  44.6","*","99.99"," ","999.9","010000"
"10513099999","2024-03-13","50.865917","7.142744","92.04","KOLN BONN, GM","  50.5","24","  47.9","24","9999.9"," 0","999.9"," 0","  4.8","24","  5.1","24","  8.0","999.9","  55.4","*","  44.6","*","99.99"," ","999.9","010000"
"10513099999","2024-03-14","50.865917","7.142744","92.04","KOLN BONN, GM","  54.7","24","  46.6","24","9999.9"," 0","999.9"," 0","  6.2","24","  6.7","24"," 11.1","999.9","  64.4","*","  46.4","*"," 0.00","I","999.9","000000"
"10513099999","2024-03-15","50.865917","7.142744","92.04","KOLN BONN, GM","  54.3","24","  47.3","24","9999.9"," 0","999.9"," 0","  6.2","24","  8.8","24"," 15.0"," 22.0","  64.4","*","  46.4","*","99.99"," ","999.9","010000"
"10513099999","2024-03-16","50.865917","7.142744","92.04","KOLN BONN, GM","  47.8","24","  42.8","24","9999.9"," 0","999.9"," 0","  6.1","24","  6.9","24"," 17.1","999.9","  50.0","*","  41.0","*","99.99"," ","999.9","010000"
"10513099999","2024-03-17","50.865917","7.142744","92.04","KOLN BONN, GM","  48.5","24","  40.2","24","9999.9"," 0","999.9"," 0","  6.2","24","  5.5","24"," 11.1","999.9","  57.2","*","  37.4","*","99.99"," ","999.9","010000"
"10513099999","2024-03-18","50.865917","7.142744","92.04","KOLN BONN, GM","  51.9","24","  47.2","24","9999.9"," 0","999.9"," 0","  5.9","24","  4.8","24"," 12.0","999.9","  60.8","*","  42.8","*","99.99"," ","999.9","010000"
"10513099999","2024-03-19","50.865917","7.142744","92.04","KOLN BONN, GM","  52.9","24","  43.3","24","9999.9"," 0","999.9"," 0","  6.2","24","  3.7","24","  7.0","999.9","  64.4","*","  41.0","*"," 0.00","I","999.9","000000"
"10513099999","2024-03-20","50.865917","7.142744","92.04","KOLN BONN, GM","  55.4","24","  44.1","24","9999.9"," 0","999.9"," 0","  6.2","24","  2.8","24","  6.0","999.9","  68.0","*","  44.6","*"," 0.00","I","999.9","000000"
"10513099999","2024-03-21","50.865917","7.142744","92.04","KOLN BONN, GM","  50.4","24","  44.7","24","9999.9"," 0","999.9"," 0","  6.2","24","  5.6","24"," 13.0","999.9","  55.4","*","  44.6","*"," 0.00","I","999.9","000000"
"10513099999","2024-03-22","50.865917","7.142744","92.04","KOLN BONN, GM","  53.5","24","  46.1","24","9999.9"," 0","999.9"," 0","  6.1","24","  7.3","24"," 12.0","999.9","  60.8","*","  46.4","*","99.99"," ","999.9","010000"
"10513099999","2024-03-23","50.865917","7.142744","92.04","KOLN BONN, GM","  42.0","24","  37.9","24","9999.9"," 0","999.9"," 0","  6.1","24"," 10.1","24"," 22.9"," 33.0","  48.2","*","  35.6","*","99.99"," ","999.9","010000"
"10513099999","2024-03-24","50.865917","7.142744","92.04","KOLN BONN, GM","  43.3","24","  37.1","24","9999.9"," 0","999.9"," 0","  6.2","24"," 14.4","24"," 24.1"," 35.0","  48.2","*","  39.2","*","99.99"," ","999.9","010000"
"10513099999","2024-03-25","50.865917","7.142744","92.04","KOLN BONN, GM","  45.6","24","  33.4","24","9999.9"," 0","999.9"," 0","  6.2","24","  5.6","24"," 13.0","999.9","  53.6","*","  35.6","*","99.99"," ","999.9","010000"
"10513099999","2024-03-26","50.865917","7.142744","92.04","KOLN BONN, GM","  47.5","17","  33.9","17","9999.9"," 0","999.9"," 0","  6.2","17","  8.2","17"," 13.0","999.9","  59.0","*","  42.8","*","99.99"," ","999.9","010000"
"10513099999","2024-03-27","50.865917","7.142744","92.04","KOLN BONN, GM","  49.2","15","  41.5","15","9999.9"," 0","999.9"," 0","  6.2","15","  5.7","15"," 11.1","999.9","  51.8","*","  46.4","*","99.99"," ","999.9","010000"
"10513099999","2024-04-01","50.865917","7.142744","92.04","KOLN BONN, GM","  49.7"," 7","  42.8"," 7","9999.9"," 0","999.9"," 0","  6.2"," 7","  7.7"," 7","  9.9","999.9","  51.8","*","  46.4","*"," 0.00","I","999.9","000000"
"10513099999","2024-04-02","50.865917","7.142744","92.04","KOLN BONN, GM","  47.3"," 8","  41.9"," 8","9999.9"," 0","999.9"," 0","  6.2"," 8","  6.0"," 8","  7.0","999.9","  51.8","*","  42.8","*","99.99"," ","999.9","010000"
"10513099999","2024-04-03","50.865917","7.142744","92.04","KOLN BONN, GM","  51.6","24","  47.3","24","9999.9"," 0","999.9"," 0","  6.2","24","  7.2","24"," 15.0"," 27.0","  57.2","*","  48.2","*","99.99"," ","999.9","010000"
"10513099999","2024-04-04","50.865917","7.142744","92.04","KOLN BONN, GM","  53.5","24","  47.4","24","9999.9"," 0","999.9"," 0","  6.2","24","  9.9","24"," 19.0","999.9","  59.0","*","  46.4","*","99.99"," ","999.9","010000"
"10513099999","2024-04-05","50.865917","7.142744","92.04","KOLN BONN, GM","  59.2","24","  51.1","24","9999.9"," 0","999.9"," 0","  6.2","24","  9.5","24"," 18.1"," 29.9","  66.2","*","  51.8","*","99.99"," ","999.9","010000"
"10513099999","2024-04-06","50.865917","7.142744","92.04","KOLN BONN, GM","  67.6","24","  49.3","24","9999.9"," 0","999.9"," 0","  6.2","24","  8.9","24"," 17.1","999.9","  78.8","*","  57.2","*"," 0.00","I","999.9","000000"
"10513099999","2024-04-07","50.865917","7.142744","92.04","KOLN BONN, GM","  66.4","24","  49.9","24","9999.9"," 0","999.9"," 0","  6.2","24","  7.0","24"," 15.0","999.9","  73.4","*","  57.2","*","99.99"," ","999.9","010000"
"10513099999","2024-04-08","50.865917","7.142744","92.04","KOLN BONN, GM","  63.1","24","  51.9","24","9999.9"," 0","999.9"," 0","  5.8","24","  4.8","24","  9.9","999.9","  75.2","*","  50.0","*","99.99"," ","999.9","010000"
"10513099999","2024-04-09","50.865917","7.142744","92.04","KOLN BONN, GM","  56.2","24","  44.8","24","9999.9"," 0","999.9"," 0","  6.2","24","  9.8","24"," 19.0"," 28.9","  69.8","*","  48.2","*","99.99"," ","999.9","010000"
"10513099999","2024-04-10","50.865917","7.142744","92.04","KOLN BONN, GM","  50.8","24","  39.1","24","9999.9"," 0","999.9"," 0","  6.2","24","  5.6","24"," 11.1","999.9","  60.8","*","  44.6","*"," 0.00","I","999.9","000000"
"10513099999","2024-04-11","50.865917","7.142744","92.04","KOLN BONN, GM","  54.1","24","  44.1","24","9999.9"," 0","999.9"," 0","  6.2","24","  5.1","24","  9.9","999.9","  64.4","*","  42.8","*"," 0.00","I","999.9","000000"
"10513099999","2024-04-12","50.865917","7.142744","92.04","KOLN BONN, GM","  58.9","24","  52.5","24","9999.9"," 0","999.9"," 0","  6.2","24","  5.1","24","  8.9","999.9","  68.0","*","  53.6","*"," 0.00","I","999.9","000000"
"10513099999","2024-04-13","50.865917","7.142744","92.04","KOLN BONN, GM","  65.1","24","  53.2","24","9999.9"," 0","999.9"," 0","  6.2","24","  6.8","24"," 14.0","999.9","  77.0","*","  50.0","*"," 0.00","I","999.9","000000"
"10513099999","2024-04-14","50.865917","7.142744","92.04","KOLN BONN, GM","  58.1","24","  45.8","24","9999.9"," 0","999.9"," 0","  6.2","24","  8.1","24"," 15.0","999.9","  64.4","*","  50.0","*","99.99"," ","999.9","010000"
"10513099999","2024-04-15","50.865917","7.142744","92.04","KOLN BONN, GM","  47.9","24","  40.0","24","9999.9"," 0","999.9"," 0","  6.2","24"," 10.7","24"," 38.1"," 61.0","  57.2","*","  39.2","*","99.99"," ","999.9","010000"
"10513099999","2024-04-16","50.865917","7.142744","92.04","KOLN BONN, GM","  44.3","24","  40.5","24","9999.9"," 0","999.9"," 0","  6.1","24"," 11.7","24"," 26.0"," 35.9","  50.0","*","  41.0","*","99.99"," ","999.9","010000"
"10513099999","2024-04-17","50.865917","7.142744","92.04","KOLN BONN, GM","  42.7","24","  38.5","24","9999.9"," 0","999.9"," 0","  6.1","24","  6.4","24"," 15.9","999.9","  48.2","*","  39.2","*","99.99"," ","999.9","010000"
"10513099999","2024-04-18","50.865917","7.142744","92.04","KOLN BONN, GM","  45.3","24","  37.5","24","9999.9"," 0","999.9"," 0","  5.9","24","  6.6","24"," 13.0","999.9","  53.6","*","  39.2","*","99.99"," ","999.9","010000"
"10513099999","2024-04-19","50.865917","7.142744","92.04","KOLN BONN, GM","  44.8","24","  41.0","24","9999.9"," 0","999.9"," 0","  5.9","24"," 12.9","24"," 21.0"," 32.1","  50.0","*","  41.0","*","99.99"," ","999.9","010000"
"10513099999","2024-04-20","50.865917","7.142744","92.04","KOLN BONN, GM","  44.0","24","  39.9","24","9999.9"," 0","999.9"," 0","  6.0","24"," 10.0","24"," 17.1"," 27.0","  51.8","*","  39.2","*","99.99"," ","999.9","010000"
"10513099999","2024-04-21","50.865917","7.142744","92.04","KOLN BONN, GM","  40.6","24","  32.7","24","9999.9"," 0","999.9"," 0","  6.2","24","  8.1","24"," 21.0"," 28.0","  48.2","*","  33.8","*","99.99"," ","999.9","010000"
"10513099999","2024-04-22","50.865917","7.142744","92.04","KOLN BONN, GM","  39.4","24","  31.2","24","9999.9"," 0","999.9"," 0","  6.2","24","  4.5","24"," 14.0","999.9","  50.0","*","  28.4","*","99.99"," ","999.9","010000"
"10513099999","2024-04-23","50.865917","7.142744","92.04","KOLN BONN, GM","  41.5","24","  29.6","24","9999.9"," 0","999.9"," 0","  6.2","24","  4.7","24"," 11.1","999.9","  50.0","*","  28.4","*","99.99"," ","999.9","010000"
"10513099999","2024-04-24","50.865917","7.142744","92.04","KOLN BONN, GM","  43.0","24","  37.6","24","9999.9"," 0","999.9"," 0","  6.2","24","  9.7","24"," 17.1"," 25.1","  48.2","*","  39.2","*","99.99"," ","999.9","010000"
"10513099999","2024-04-25","50.865917","7.142744","92.04","KOLN BONN, GM","  44.5","24","  35.5","24","9999.9"," 0","999.9"," 0","  6.1","24","  7.8","24"," 12.0","999.9","  50.0","*","  37.4","*","99.99"," ","999.9","010000"
"10513099999","2024-04-26","50.865917","7.142744","92.04","KOLN BONN, GM","  50.8","24","  39.3","24","9999.9"," 0","999.9"," 0","  6.2","24","  6.8","24"," 12.0","999.9","  57.2","*","  42.8","*"," 0.00","I","999.9","000000"
"10513099999","2024-04-27","50.865917","7.142744","92.04","KOLN BONN, GM","  56.3","24","  44.1","24","9999.9"," 0","999.9"," 0","  6.2","24","  8.3","24"," 17.1","999.9","  66.2","*","  46.4","*","99.99"," ","999.9","010000"
"10513099999","2024-04-28","50.865917","7.142744","92.04","KOLN BONN, GM","  58.4","24","  44.4","24","9999.9"," 0","999.9"," 0","  6.2","24"," 11.0","24"," 19.0"," 28.0","  62.6","*","  48.2","*"," 0.00","I","999.9","000000"
"10513099999","2024-04-29","50.865917","7.142744","92.04","KOLN BONN, GM","  58.1","24","  46.0","24","9999.9"," 0","999.9"," 0","  6.2","24","  6.7","24"," 12.0"," 20.0","  68.0","*","  46.4","*"," 0.00","I","999.9","000000"
"10513099999","2024-04-30","50.865917","7.142744","92.04","KOLN BONN, GM","  65.0","22","  50.7","22","9999.9"," 0","999.9"," 0","  6.2","22","  2.8","22","  6.0","999.9","  78.8","*","  50.0","*"," 0.00","I","999.9","000000"
"10513099999","2024-05-02","50.865917","7.142744","92.04","KOLN BONN, GM","  64.9","24","  54.8","24","9999.9"," 0","999.9"," 0","  6.1","24","  5.8","24"," 15.9","999.9","  78.8","*","  55.4","*","99.99"," ","999.9","010110"
"10513099999","2024-05-03","50.865917","7.142744","92.04","KOLN BONN, GM","  53.8","24","  48.6","24","9999.9"," 0","999.9"," 0","  6.2","24","  6.1","24"," 15.0","999.9","  60.8","*","  46.4","*","99.99"," ","999.9","010000"
"10513099999","2024-05-04","50.865917","7.142744","92.04","KOLN BONN, GM","  53.7","24","  47.3","24","9999.9"," 0","999.9"," 0","  6.0","24","  5.0","24"," 12.0"," 20.0","  64.4","*","  44.6","*","99.99"," ","999.9","010000"
"10513099999","2024-05-05","50.865917","7.142744","92.04","KOLN BONN, GM","  56.0","24","  47.4","24","9999.9"," 0","999.9"," 0","  6.1","24","  5.2","24"," 11.1","999.9","  66.2","*","  46.4","*"," 0.00","I","999.9","000000"
"10513099999","2024-05-06","50.865917","7.142744","92.04","KOLN BONN, GM","  56.8","24","  53.9","24","9999.9"," 0","999.9"," 0","  5.7","24","  3.5","24","  7.0","999.9","  62.6","*","  53.6","*","99.99"," ","999.9","010000"
"10513099999","2024-05-07","50.865917","7.142744","92.04","KOLN BONN, GM","  56.0","24","  53.3","24","9999.9"," 0","999.9"," 0","  5.2","24","  3.3","24","  8.9","999.9","  62.6","*","  50.0","*","99.99"," ","999.9","010000"
"10513099999","2024-05-08","50.865917","7.142744","92.04","KOLN BONN, GM","  55.2","22","  50.8","22","9999.9"," 0","999.9"," 0","  5.0","22","  6.2","22"," 12.0","999.9","  62.6","*","  48.2","*"," 0.00","I","999.9","000000"
"10513099999","2024-05-09","50.865917","7.142744","92.04","KOLN BONN, GM","  57.2","24","  48.4","24","9999.9"," 0","999.9"," 0","  4.4","24","  3.3","24","  8.9","999.9","  71.6","*","  44.6","*"," 0.00","I","999.9","100000"
"10513099999","2024-05-10","50.865917","7.142744","92.04","KOLN BONN, GM","  61.5","24","  48.6","24","9999.9"," 0","999.9"," 0","  6.2","24","  3.7","24","  7.0","999.9","  75.2","*","  44.6","*"," 0.00","I","999.9","000000"
"10513099999","2024-05-11","50.865917","7.142744","92.04","KOLN BONN, GM","  64.1","24","  49.6","24","9999.9"," 0","999.9"," 0","  6.2","24","  3.7","24","  8.9","999.9","  77.0","*","  48.2","*"," 0.00","I","999.9","000000"
"10513099999","2024-05-12","50.865917","7.142744","92.04","KOLN BONN, GM","  68.1","24","  50.8","24","9999.9"," 0","999.9"," 0","  6.2","24","  6.8","24"," 12.0"," 21.0","  77.0","*","  55.4","*"," 0.00","I","999.9","000000"
"10513099999","2024-05-13","50.865917","7.142744","92.04","KOLN BONN, GM","  67.0","24","  54.6","24","9999.9"," 0","999.9"," 0","  6.2","24","  6.5","24"," 13.0","999.9","  77.0","*","  59.0","*","99.99"," ","999.9","010000"
"10513099999","2024-05-14","50.865917","7.142744","92.04","KOLN BONN, GM","  69.8","24","  52.3","24","9999.9"," 0","999.9"," 0","  6.2","24","  7.8","24"," 13.0","999.9","  78.8","*","  59.0","*"," 0.00","I","999.9","000000"
"10513099999","2024-05-15","50.865917","7.142744","92.04","KOLN BONN, GM","  61.6","24","  55.0","24","9999.9"," 0","999.9"," 0","  6.1","24","  4.2","24","  9.9","999.9","  71.6","*","  53.6","*","99.99"," ","999.9","010000"
"10513099999","2024-05-16","50.865917","7.142744","92.04","KOLN BONN, GM","  60.4","24","  56.7","24","9999.9"," 0","999.9"," 0","  5.2","24","  4.5","24","  9.9","999.9","  69.8","*","  55.4","*","99.99"," ","999.9","010010"
"10513099999","2024-05-17","50.865917","7.142744","92.04","KOLN BONN, GM","  59.4","24","  56.7","24","9999.9"," 0","999.9"," 0","  5.3","24","  4.3","24","  9.9","999.9","  66.2","*","  55.4","*","99.99"," ","999.9","010000"
"10513099999","2024-05-18","50.865917","7.142744","92.04","KOLN BONN, GM","  58.7","24","  55.7","24","9999.9"," 0","999.9"," 0","  5.2","24","  4.5","24","  8.9","999.9","  66.2","*","  51.8","*","99.99"," ","999.9","010000"
"10513099999","2024-05-19","50.865917","7.142744","92.04","KOLN BONN, GM","  58.6","24","  54.0","24","9999.9"," 0","999.9"," 0","  5.2","24","  5.0","24"," 14.0"," 19.0","  68.0","*","  50.0","*","99.99"," ","999.9","010000"
"10513099999","2024-05-20","50.865917","7.142744","92.04","KOLN BONN, GM","  61.0","24","  53.6","24","9999.9"," 0","999.9"," 0","  6.1","24","  2.8","24","  6.0","999.9","  73.4","*","  50.0","*"," 0.00","I","999.9","000000"
"10513099999","2024-05-21","50.865917","7.142744","92.04","KOLN BONN, GM","  59.8","24","  55.9","24","9999.9"," 0","999.9"," 0","  6.1","24","  5.4","24"," 15.9","999.9","  69.8","*","  50.0","*","99.99"," ","999.9","010010"
"10513099999","2024-05-22","50.865917","7.142744","92.04","KOLN BONN, GM","  61.4","24","  53.9","24","9999.9"," 0","999.9"," 0","  6.2","24","  6.7","24"," 19.0","999.9","  68.0","*","  55.4","*","99.99"," ","999.9","010000"
"10513099999","2024-05-23","50.865917","7.142744","92.04","KOLN BONN, GM","  60.6","24","  51.4","24","9999.9"," 0","999.9"," 0","  6.0","24","  4.4","24","  9.9","999.9","  71.6","*","  50.0","*","99.99"," ","999.9","010000"
"10513099999","2024-05-24","50.865917","7.142744","92.04","KOLN BONN, GM","  57.2","24","  55.3","24","9999.9"," 0","999.9"," 0","  5.7","24","  4.0","24","  8.9","999.9","  62.6","*","  53.6","*","99.99"," ","999.9","010000"
"10513099999","2024-05-25","50.865917","7.142744","92.04","KOLN BONN, GM","  59.8","24","  53.6","24","9999.9"," 0","999.9"," 0","  6.1","24","  4.8","24","  8.9","999.9","  68.0","*","  50.0","*"," 0.00","I","999.9","000000"
"10513099999","2024-05-26","50.865917","7.142744","92.04","KOLN BONN, GM","  62.2","24","  53.6","24","9999.9"," 0","999.9"," 0","  6.2","24","  7.0","24"," 20.0"," 28.0","  73.4","*","  50.0","*","99.99"," ","999.9","010000"
"10513099999","2024-05-27","50.865917","7.142744","92.04","KOLN BONN, GM","  59.8","24","  53.4","24","9999.9"," 0","999.9"," 0","  6.2","24","  4.7","24","  9.9","999.9","  69.8","*","  51.8","*","99.99"," ","999.9","010000"
"10513099999","2024-05-28","50.865917","7.142744","92.04","KOLN BONN, GM","  58.3","24","  50.4","24","9999.9"," 0","999.9"," 0","  6.2","24","  6.4","24"," 11.1","999.9","  66.2","*","  50.0","*","99.99"," ","999.9","010000"
"10513099999","2024-05-29","50.865917","7.142744","92.04","KOLN BONN, GM","  60.0","24","  56.1","24","9999.9"," 0","999.9"," 0","  5.9","24","  9.0","24"," 17.1"," 27.0","  68.0","*","  55.4","*","99.99"," ","999.9","010000"
"10513099999","2024-05-30","50.865917","7.142744","92.04","KOLN BONN, GM","  60.0","24","  53.3","24","9999.9"," 0","999.9"," 0","  6.1","24","  6.1","24"," 15.0","999.9","  66.2","*","  55.4","*","99.99"," ","999.9","010000"
"10513099999","2024-05-31","50.865917","7.142744","92.04","KOLN BONN, GM","  60.0","24","  52.5","24","9999.9"," 0","999.9"," 0","  6.2","24","  6.3","24"," 11.1","999.9","  68.0","*","  53.6","*","99.99"," ","999.9","010000"
"10513099999","2024-06-01","50.865917","7.142744","92.04","KOLN BONN, GM","  61.2","24","  57.9","24","9999.9"," 0","999.9"," 0","  6.2","24","  7.9","24"," 11.1","999.9","  66.2","*","  57.2","*","99.99"," ","999.9","010000"
"10513099999","2024-06-02","50.865917","7.142744","92.04","KOLN BONN, GM","  58.4","24","  52.9","24","9999.9"," 0","999.9"," 0","  6.1","24","  7.1","24"," 11.1","999.9","  62.6","*","  53.6","*"," 0.00","I","999.9","000000"
"10513099999","2024-06-03","50.865917","7.142744","92.04","KOLN BONN, GM","  55.4","24","  47.5","24","9999.9"," 0","999.9"," 0","  6.2","24","  4.9","24","  8.0","999.9","  59.0","*","  48.2","*"," 0.00","I","999.9","000000"
"10513099999","2024-06-04","50.865917","7.142744","92.04","KOLN BONN, GM","  62.1","24","  50.8","24","9999.9"," 0","999.9"," 0","  6.2","24","  4.1","24"," 12.0","999.9","  71.6","*","  53.6","*","99.99"," ","999.9","010000"
"10513099999","2024-06-05","50.865917","7.142744","92.04","KOLN BONN, GM","  57.8","24","  53.5","24","9999.9"," 0","999.9"," 0","  5.8","24","  5.7","24"," 11.1","999.9","  60.8","*","  46.4","*","99.99"," ","999.9","010000"
"10513099999","2024-06-06","50.865917","7.142744","92.04","KOLN BONN, GM","  57.8","24","  45.4","24","9999.9"," 0","999.9"," 0","  6.2","24","  6.1","24"," 15.0"," 24.1","  68.0","*","  44.6","*"," 0.00","I","999.9","000000"
"10513099999","2024-06-07","50.865917","7.142744","92.04","KOLN BONN, GM","  59.2","24","  46.2","24","9999.9"," 0","999.9"," 0","  6.2","24","  3.1","24","  8.9","999.9","  71.6","*","  42.8","*"," 0.00","I","999.9","000000"
"10513099999","2024-06-08","50.865917","7.142744","92.04","KOLN BONN, GM","  61.0","24","  48.0","24","9999.9"," 0","999.9"," 0","  6.2","24","  7.2","24"," 15.9","999.9","  71.6","*","  44.6","*"," 0.00","I","999.9","000000"
"10513099999","2024-06-09","50.865917","7.142744","92.04","KOLN BONN, GM","  59.1","24","  45.0","24","9999.9"," 0","999.9"," 0","  6.2","24","  6.2","24"," 14.0","999.9","  68.0","*","  48.2","*"," 0.00","I","999.9","000000"
"10513099999","2024-06-10","50.865917","7.142744","92.04","KOLN BONN, GM","  53.0","24","  45.9","24","9999.9"," 0","999.9"," 0","  6.2","24","  9.1","24"," 27.0"," 38.1","  59.0","*","  44.6","*","99.99"," ","999.9","010000"
"10513099999","2024-06-11","50.865917","7.142744","92.04","KOLN BONN, GM","  55.5","24","  43.1","24","9999.9"," 0","999.9"," 0","  6.2","24","  9.0","24"," 14.0","999.9","  62.6","*","  48.2","*","99.99"," ","999.9","010000"
"10513099999","2024-06-12","50.865917","7.142744","92.04","KOLN BONN, GM","  53.1","24","  44.3","24","9999.9"," 0","999.9"," 0","  6.2","24","  6.0","24"," 12.0","999.9","  60.8","*","  44.6","*","99.99"," ","999.9","010000"
"10513099999","2024-06-13","50.865917","7.142744","92.04","KOLN BONN, GM","  57.4","24","  43.3","24","9999.9"," 0","999.9"," 0","  6.2","24","  5.2","24"," 11.1","999.9","  66.2","*","  42.8","*"," 0.00","I","999.9","000000"
"10513099999","2024-06-14","50.865917","7.142744","92.04","KOLN BONN, GM","  61.2","24","  52.3","24","9999.9"," 0","999.9"," 0","  6.2","24","  9.6","24"," 15.0","999.9","  66.2","*","  53.6","*","99.99"," ","999.9","010000"
"10513099999","2024-06-15","50.865917","7.142744","92.04","KOLN BONN, GM","  61.9","24","  47.9","24","9999.9"," 0","999.9"," 0","  6.2","24"," 11.6","24"," 21.0","999.9","  68.0","*","  57.2","*","99.99"," ","999.9","010000"
"10513099999","2024-06-16","50.865917","7.142744","92.04","KOLN BONN, GM","  60.3","24","  52.1","24","9999.9"," 0","999.9"," 0","  6.2","24","  9.0","24"," 15.9"," 24.1","  64.4","*","  55.4","*","99.99"," ","999.9","010000"
"10513099999","2024-06-17","50.865917","7.142744","92.04","KOLN BONN, GM","  62.2","24","  59.2","24","9999.9"," 0","999.9"," 0","  6.2","24","  4.1","24","  8.9","999.9","  68.0","*","  57.2","*","99.99"," ","999.9","010110"
"10513099999","2024-06-18","50.865917","7.142744","92.04","KOLN BONN, GM","  64.3","24","  60.5","24","9999.9"," 0","999.9"," 0","  6.1","24","  5.0","24"," 12.0","999.9","  73.4","*","  55.4","*","99.99"," ","999.9","010000"
"10513099999","2024-06-19","50.865917","7.142744","92.04","KOLN BONN, GM","  62.2","24","  56.0","24","9999.9"," 0","999.9"," 0","  6.0","24","  4.5","24","  8.0","999.9","  69.8","*","  55.4","*"," 0.00","I","999.9","000000"
"10513099999","2024-06-20","50.865917","7.142744","92.04","KOLN BONN, GM","  64.9","24","  57.7","24","9999.9"," 0","999.9"," 0","  6.2","24","  4.5","24","  9.9","999.9","  75.2","*","  51.8","*","99.99"," ","999.9","010000"
"10513099999","2024-06-21","50.865917","7.142744","92.04","KOLN BONN, GM","  66.1","24","  61.3","24","9999.9"," 0","999.9"," 0","  6.2","24","  6.7","24"," 18.1","999.9","  77.0","*","  55.4","*","99.99"," ","999.9","010010"
"10513099999","2024-06-22","50.865917","7.142744","92.04","KOLN BONN, GM","  61.8","24","  54.4","24","9999.9"," 0","999.9"," 0","  6.0","24","  5.7","24"," 11.1","999.9","  71.6","*","  53.6","*","99.99"," ","999.9","010000"
"10513099999","2024-06-23","50.865917","7.142744","92.04","KOLN BONN, GM","  66.7","24","  55.9","24","9999.9"," 0","999.9"," 0","  6.2","24","  3.7","24","  8.9","999.9","  77.0","*","  57.2","*"," 0.00","I","999.9","000000"
"10513099999","2024-06-24","50.865917","7.142744","92.04","KOLN BONN, GM","  69.7","24","  57.0","24","9999.9"," 0","999.9"," 0","  6.2","24","  3.3","24","  6.0","999.9","  82.4","*","  53.6","*"," 0.00","I","999.9","000000"
"10513099999","2024-06-25","50.865917","7.142744","92.04","KOLN BONN, GM","  73.4","24","  56.7","24","9999.9"," 0","999.9"," 0","  6.2","24","  4.2","24","  7.0","999.9","  86.0","*","  55.4","*"," 0.00","I","999.9","000000"
"10513099999","2024-06-26","50.865917","7.142744","92.04","KOLN BONN, GM","  73.9","24","  59.6","24","9999.9"," 0","999.9"," 0","  6.2","24","  2.7","24","  5.1","999.9","  87.8","*","  57.2","*"," 0.00","I","999.9","000000"
"10513099999","2024-06-27","50.865917","7.142744","92.04","KOLN BONN, GM","  76.4","24","  63.0","24","9999.9"," 0","999.9"," 0","  6.2","24","  5.5","24"," 14.0","999.9","  86.0","*","  62.6","*","99.99"," ","999.9","010000"
"10513099999","2024-06-28","50.865917","7.142744","92.04","KOLN BONN, GM","  67.4","24","  52.6","24","9999.9"," 0","999.9"," 0","  6.2","24","  7.9","24"," 14.0"," 18.1","  75.2","*","  55.4","*"," 0.00","I","999.9","000000"
"10513099999","2024-06-29","50.865917","7.142744","92.04","KOLN BONN, GM","  68.7","24","  54.0","24","9999.9"," 0","999.9"," 0","  6.1","24","  3.6","24"," 12.0","999.9","  82.4","*","  50.0","*","99.99"," ","999.9","010010"
"10513099999","2024-06-30","50.865917","7.142744","92.04","KOLN BONN, GM","  64.2","24","  59.3","24","9999.9"," 0","999.9"," 0","  5.5","24","  6.9","24"," 12.0","999.9","  71.6","*","  59.0","*","99.99"," ","999.9","010000"
"10513099999","2024-07-01","50.865917","7.142744","92.04","KOLN BONN, GM","  61.6","24","  52.8","24","9999.9"," 0","999.9"," 0","  6.1","24","  8.1","24"," 14.0","999.9","  68.0","*","  57.2","*","99.99"," ","999.9","010000"
"10513099999","2024-07-02","50.865917","7.142744","92.04","KOLN BONN, GM","  58.8","24","  55.7","24","9999.9"," 0","999.9"," 0","  5.3","24","  5.2","24","  8.0","999.9","  60.8","*","  55.4","*","99.99"," ","999.9","010000"
"10513099999","2024-07-03","50.865917","7.142744","92.04","KOLN BONN, GM","  57.1","24","  51.6","24","9999.9"," 0","999.9"," 0","  6.2","24","  5.0","24"," 11.1","999.9","  60.8","*","  53.6","*","99.99"," ","999.9","010000"
"10513099999","2024-07-04","50.865917","7.142744","92.04","KOLN BONN, GM","  61.0","24","  52.5","24","9999.9"," 0","999.9"," 0","  6.2","24","  8.0","24"," 17.1"," 33.0","  69.8","*","  53.6","*","99.99"," ","999.9","010000"
"10513099999","2024-07-05","50.865917","7.142744","92.04","KOLN BONN, GM","  61.7","24","  51.9","24","9999.9"," 0","999.9"," 0","  6.2","24","  6.6","24"," 13.0","999.9","  69.8","*","  51.8","*","99.99"," ","999.9","010000"
"10513099999","2024-07-06","50.865917","7.142744","92.04","KOLN BONN, GM","  65.7","24","  53.0","24","9999.9"," 0","999.9"," 0","  6.2","24"," 11.0","24"," 19.0"," 28.9","  75.2","*","  55.4","*","99.99"," ","999.9","010010"
"10513099999","2024-07-07","50.865917","7.142744","92.04","KOLN BONN, GM","  61.0","24","  45.8","24","9999.9"," 0","999.9"," 0","  6.2","24","  6.2","24"," 11.1","999.9","  71.6","*","  48.2","*"," 0.00","I","999.9","000000"
"10513099999","2024-07-08","50.865917","7.142744","92.04","KOLN BONN, GM","  64.4","24","  52.3","24","9999.9"," 0","999.9"," 0","  6.2","24","  3.0","24","  6.0","999.9","  75.2","*","  50.0","*","99.99"," ","999.9","010000"
"10513099999","2024-07-09","50.865917","7.142744","92.04","KOLN BONN, GM","  74.1","24","  59.0","24","9999.9"," 0","999.9"," 0","  6.1","24","  7.3","24"," 20.0"," 22.9","  87.8","*","  57.2","*","99.99"," ","999.9","010010"
"10513099999","2024-07-10","50.865917","7.142744","92.04","KOLN BONN, GM","  69.6","24","  64.7","24","9999.9"," 0","999.9"," 0","  6.0","24","  4.3","24"," 15.0","999.9","  78.8","*","  64.4","*","99.99"," ","999.9","010110"
"10513099999","2024-07-11","50.865917","7.142744","92.04","KOLN BONN, GM","  68.6","24","  59.1","24","9999.9"," 0","999.9"," 0","  6.2","24","  4.3","24","  9.9"," 22.0","  77.0","*","  60.8","*"," 0.00","I","999.9","000000"
"10513099999","2024-07-12","50.865917","7.142744","92.04","KOLN BONN, GM","  61.4","24","  57.6","24","9999.9"," 0","999.9"," 0","  6.1","24","  7.1","24"," 22.0"," 34.0","  73.4","*","  55.4","*","99.99"," ","999.9","010000"
"10513099999","2024-07-13","50.865917","7.142744","92.04","KOLN BONN, GM","  58.4","20","  50.9","20","9999.9"," 0","999.9"," 0","  6.2","20","  6.9","20"," 13.0","999.9","  66.2","*","  51.8","*"," 0.00","I","999.9","000000"
"10513099999","2024-07-14","50.865917","7.142744","92.04","KOLN BONN, GM","  64.8","19","  53.9","19","9999.9"," 0","999.9"," 0","  6.2","19","  3.7","19","  8.0","999.9","  75.2","*","  51.8","*"," 0.00","I","999.9","000000"
"10513099999","2024-07-15","50.865917","7.142744","92.04","KOLN BONN, GM","  69.0","24","  57.3","24","9999.9"," 0","999.9"," 0","  6.2","24","  4.2","24","  8.9","999.9","  82.4","*","  51.8","*","99.99"," ","999.9","010000"
"10513099999","2024-07-16","50.865917","7.142744","92.04","KOLN BONN, GM","  66.5","24","  58.1","24","9999.9"," 0","999.9"," 0","  6.2","24","  7.9","24"," 15.0","999.9","  73.4","*","  59.0","*","99.99"," ","999.9","010010"
"10513099999","2024-07-17","50.865917","7.142744","92.04","KOLN BONN, GM","  67.0","24","  57.4","24","9999.9"," 0","999.9"," 0","  6.2","24","  5.4","24","  8.9","999.9","  75.2","*","  57.2","*"," 0.00","I","999.9","000000"
"10513099999","2024-07-18","50.865917","7.142744","92.04","KOLN BONN, GM","  70.1","24","  58.3","24","9999.9"," 0","999.9"," 0","  6.2","24","  3.4","24","  6.0","999.9","  82.4","*","  55.4","*"," 0.00","I","999.9","000000"
"10513099999","2024-07-19","50.865917","7.142744","92.04","KOLN BONN, GM","  71.9","24","  60.6","24","9999.9"," 0","999.9"," 0","  6.2","24","  2.4","24","  4.1","999.9","  82.4","*","  57.2","*"," 0.00","I","999.9","000000"
"10513099999","2024-07-20","50.865917","7.142744","92.04","KOLN BONN, GM","  78.5","20","  64.1","20","9999.9"," 0","999.9"," 0","  6.2","20","  4.7","20"," 15.0","999.9","  89.6","*","  60.8","*","99.99"," ","999.9","010010"
"10513099999","2024-07-21","50.865917","7.142744","92.04","KOLN BONN, GM","  72.2","24","  65.0","24","9999.9"," 0","999.9"," 0","  6.2","24","  5.3","24"," 14.0"," 22.0","  82.4","*","  66.2","*","99.99"," ","999.9","010000"
"10513099999","2024-07-22","50.865917","7.142744","92.04","KOLN BONN, GM","  69.2","24","  58.2","24","9999.9"," 0","999.9"," 0","  6.2","24","  5.5","24"," 11.1","999.9","  77.0","*","  62.6","*","99.99"," ","999.9","010000"
"10513099999","2024-07-23","50.865917","7.142744","92.04","KOLN BONN, GM","  67.7","24","  59.2","24","9999.9"," 0","999.9"," 0","  6.1","24","  9.6","24"," 19.0","999.9","  77.0","*","  60.8","*","99.99"," ","999.9","010000"
"10513099999","2024-07-24","50.865917","7.142744","92.04","KOLN BONN, GM","  64.7","24","  56.1","24","9999.9"," 0","999.9"," 0","  6.2","24","  5.9","24"," 11.1","999.9","  73.4","*","  55.4","*"," 0.00","I","999.9","000000"
"10513099999","2024-07-25","50.865917","7.142744","92.04","KOLN BONN, GM","  67.3","24","  55.3","24","9999.9"," 0","999.9"," 0","  6.2","24","  3.6","24","  6.0","999.9","  78.8","*","  51.8","*","99.99"," ","999.9","010000"
"10513099999","2024-07-26","50.865917","7.142744","92.04","KOLN BONN, GM","  68.8","24","  61.6","24","9999.9"," 0","999.9"," 0","  6.2","24","  4.2","24","  8.9","999.9","  77.0","*","  62.6","*","99.99"," ","999.9","010000"
"10513099999","2024-07-27","50.865917","7.142744","92.04","KOLN BONN, GM","  66.1","24","  64.0","24","9999.9"," 0","999.9"," 0","  5.6","24","  4.1","24","  8.0","999.9","  71.6","*","  60.8","*","99.99"," ","999.9","010000"
"10513099999","2024-07-28","50.865917","7.142744","92.04","KOLN BONN, GM","  65.3","24","  56.5","24","9999.9"," 0","999.9"," 0","  5.9","24","  4.7","24","  8.0","999.9","  77.0","*","  55.4","*"," 0.00","I","999.9","000000"
"10513099999","2024-07-29","50.865917","7.142744","92.04","KOLN BONN, GM","  67.9","24","  56.1","24","9999.9"," 0","999.9"," 0","  6.2","24","  3.9","24","  7.0","999.9","  80.6","*","  51.8","*"," 0.00","I","999.9","000000"
"10513099999","2024-07-30","50.865917","7.142744","92.04","KOLN BONN, GM","  74.2","24","  60.3","24","9999.9"," 0","999.9"," 0","  6.2","24","  3.5","24","  7.0","999.9","  89.6","*","  59.0","*"," 0.00","I","999.9","000000"
"10513099999","2024-07-31","50.865917","7.142744","92.04","KOLN BONN, GM","  69.6","24","  64.0","24","9999.9"," 0","999.9"," 0","  6.2","24","  2.9","24","  6.0","999.9","  77.0","*","  60.8","*","99.99"," ","999.9","010000"
"10513099999","2024-08-01","50.865917","7.142744","92.04","KOLN BONN, GM","  68.6","24","  65.8","24","9999.9"," 0","999.9"," 0","  5.3","24","  4.3","24"," 11.1","999.9","  75.2","*","  62.6","*","99.99"," ","999.9","010000"
"10513099999","2024-08-02","50.865917","7.142744","92.04","KOLN BONN, GM","  68.9","24","  62.4","24","9999.9"," 0","999.9"," 0","  4.8","24","  2.8","24","  6.0","999.9","  78.8","*","  60.8","*"," 0.00","I","999.9","100000"
"10513099999","2024-08-03","50.865917","7.142744","92.04","KOLN BONN, GM","  67.8","24","  62.2","24","9999.9"," 0","999.9"," 0","  5.1","24","  4.7","24"," 12.0","999.9","  78.8","*","  59.0","*","99.99"," ","999.9","010000"
"10513099999","2024-08-04","50.865917","7.142744","92.04","KOLN BONN, GM","  65.5","24","  59.0","24","9999.9"," 0","999.9"," 0","  6.2","24","  4.8","24","  9.9","999.9","  71.6","*","  59.0","*","99.99"," ","999.9","010000"
"10513099999","2024-08-05","50.865917","7.142744","92.04","KOLN BONN, GM","  69.9","24","  58.9","24","9999.9"," 0","999.9"," 0","  6.2","24","  3.0","24","  5.1","999.9","  82.4","*","  59.0","*"," 0.00","I","999.9","000000"
"10513099999","2024-08-06","50.865917","7.142744","92.04","KOLN BONN, GM","  73.1","24","  60.9","24","9999.9"," 0","999.9"," 0","  6.2","24","  4.0","24","  7.0","999.9","  84.2","*","  60.8","*"," 0.00","I","999.9","000000"
"10513099999","2024-08-07","50.865917","7.142744","92.04","KOLN BONN, GM","  66.9","24","  61.2","24","9999.9"," 0","999.9"," 0","  6.2","24","  4.2","24"," 17.1","999.9","  77.0","*","  59.0","*"," 0.00","I","999.9","000000"
"10513099999","2024-08-08","50.865917","7.142744","92.04","KOLN BONN, GM","  67.3","24","  55.7","24","9999.9"," 0","999.9"," 0","  6.2","24","  4.1","24","  9.9","999.9","  75.2","*","  60.8","*"," 0.00","I","999.9","000000"
"10513099999","2024-08-09","50.865917","7.142744","92.04","KOLN BONN, GM","  71.6","24","  60.4","24","9999.9"," 0","999.9"," 0","  6.2","24","  8.6","24"," 14.0","999.9","  78.8","*","  64.4","*"," 0.00","I","999.9","000000"
"10513099999","2024-08-10","50.865917","7.142744","92.04","KOLN BONN, GM","  69.1","24","  57.4","24","9999.9"," 0","999.9"," 0","  6.2","24","  4.9","24","  8.9","999.9","  80.6","*","  57.2","*"," 0.00","I","999.9","000000"
"10513099999","2024-08-11","50.865917","7.142744","92.04","KOLN BONN, GM","  71.9","21","  60.0","21","9999.9"," 0","999.9"," 0","  6.2","21","  2.8","21","  7.0","999.9","  84.2","*","  57.2","*"," 0.00","I","999.9","000000"
"10513099999","2024-08-13","50.865917","7.142744","92.04","KOLN BONN, GM","  76.5","24","  67.5","24","9999.9"," 0","999.9"," 0","  6.0","24","  4.9","24"," 15.9"," 28.9","  95.0","*","  66.2","*","99.99"," ","999.9","010110"
"10513099999","2024-08-14","50.865917","7.142744","92.04","KOLN BONN, GM","  70.3","24","  63.9","24","9999.9"," 0","999.9"," 0","  6.2","24","  5.1","24"," 12.0","999.9","  75.2","*","  60.8","*","99.99"," ","999.9","010110"
"10513099999","2024-08-15","50.865917","7.142744","92.04","KOLN BONN, GM","  70.8","24","  62.0","24","9999.9"," 0","999.9"," 0","  6.2","24","  3.2","24","  6.0","999.9","  82.4","*","  57.2","*"," 0.00","I","999.9","000000"
"10513099999","2024-08-16","50.865917","7.142744","92.04","KOLN BONN, GM","  71.6","24","  62.1","24","9999.9"," 0","999.9"," 0","  6.2","24","  4.2","24","  9.9","999.9","  80.6","*","  60.8","*","99.99"," ","999.9","010000"
"10513099999","2024-08-17","50.865917","7.142744","92.04","KOLN BONN, GM","  70.2","24","  65.6","24","9999.9"," 0","999.9"," 0","  6.1","24","  3.8","24","  8.9","999.9","  75.2","*","  66.2","*","99.99"," ","999.9","010000"
"10513099999","2024-08-18","50.865917","7.142744","92.04","KOLN BONN, GM","  65.4","24","  60.1","24","9999.9"," 0","999.9"," 0","  5.7","24","  4.9","24","  8.9","999.9","  73.4","*","  59.0","*","99.99"," ","999.9","010000"
"10513099999","2024-08-19","50.865917","7.142744","92.04","KOLN BONN, GM","  65.5","24","  55.8","24","9999.9"," 0","999.9"," 0","  6.2","24","  3.4","24","  7.0","999.9","  75.2","*","  55.4","*"," 0.00","I","999.9","000000"
"10513099999","2024-08-20","50.865917","7.142744","92.04","KOLN BONN, GM","  72.0","19","  59.8","19","9999.9"," 0","999.9"," 0","  6.2","19","  6.7","19"," 14.0"," 22.0","  80.6","*","  60.8","*","99.99"," ","999.9","010000"
"10513099999","2024-08-21","50.865917","7.142744","92.04","KOLN BONN, GM","  62.8","24","  50.9","24","9999.9"," 0","999.9"," 0","  6.2","24"," 10.0","24"," 17.1","999.9","  69.8","*","  55.4","*"," 0.00","I","999.9","000000"
"10513099999","2024-08-22","50.865917","7.142744","92.04","KOLN BONN, GM","  65.4","24","  51.9","24","9999.9"," 0","999.9"," 0","  6.2","24","  6.4","24"," 12.0","999.9","  77.0","*","  53.6","*"," 0.00","I","999.9","000000"
"10513099999","2024-08-23","50.865917","7.142744","92.04","KOLN BONN, GM","  69.8","24","  57.5","24","9999.9"," 0","999.9"," 0","  6.2","24"," 10.7","24"," 19.0"," 22.9","  78.8","*","  59.0","*"," 0.00","I","999.9","000000"
"10513099999","2024-08-24","50.865917","7.142744","92.04","KOLN BONN, GM","  76.0","24","  62.4","24","9999.9"," 0","999.9"," 0","  6.1","24","  9.9","24"," 27.0","999.9","  89.6","*","  62.6","*","99.99"," ","999.9","010010"
"10513099999","2024-08-25","50.865917","7.142744","92.04","KOLN BONN, GM","  62.8","24","  51.6","24","9999.9"," 0","999.9"," 0","  6.2","24","  7.6","24"," 20.0","999.9","  71.6","*","  51.8","*"," 0.00","I","999.9","000000"
"10513099999","2024-08-26","50.865917","7.142744","92.04","KOLN BONN, GM","  60.6","24","  51.5","24","9999.9"," 0","999.9"," 0","  6.2","24","  2.6","24","  6.0","999.9","  73.4","*","  48.2","*"," 0.00","I","999.9","000000"
"10513099999","2024-08-27","50.865917","7.142744","92.04","KOLN BONN, GM","  65.3","24","  53.0","24","9999.9"," 0","999.9"," 0","  6.2","24","  3.9","24","  8.0","999.9","  80.6","*","  50.0","*"," 0.00","I","999.9","000000"
"10513099999","2024-08-28","50.865917","7.142744","92.04","KOLN BONN, GM","  71.8","24","  58.8","24","9999.9"," 0","999.9"," 0","  6.2","24","  4.7","24"," 13.0","999.9","  87.8","*","  53.6","*"," 0.00","I","999.9","000000"
"10513099999","2024-08-29","50.865917","7.142744","92.04","KOLN BONN, GM","  74.5","24","  62.9","24","9999.9"," 0","999.9"," 0","  6.2","24","  5.0","24"," 13.0","999.9","  89.6","*","  60.8","*"," 0.00","I","999.9","000000"
"10513099999","2024-08-30","50.865917","7.142744","92.04","KOLN BONN, GM","  66.6","24","  61.9","24","9999.9"," 0","999.9"," 0","  6.1","24","  5.4","24","  8.9","999.9","  73.4","*","  60.8","*","99.99"," ","999.9","010000"
"10513099999","2024-08-31","50.865917","7.142744","92.04","KOLN BONN, GM","  70.8","24","  62.1","24","9999.9"," 0","999.9"," 0","  6.2","24","  4.3","24","  7.0","999.9","  84.2","*","  59.0","*"," 0.00","I","999.9","000000"
"10513099999","2024-09-01","50.865917","7.142744","92.04","KOLN BONN, GM","  75.4","24","  63.2","24","9999.9"," 0","999.9"," 0","  6.2","24","  4.3","24","  7.0","999.9","  87.8","*","  60.8","*"," 0.00","I","999.9","000000"
"10513099999","2024-09-02","50.865917","7.142744","92.04","KOLN BONN, GM","  71.8","24","  64.9","24","9999.9"," 0","999.9"," 0","  6.2","24","  3.1","24"," 15.0","999.9","  86.0","*","  62.6","*","99.99"," ","999.9","010110"
"10513099999","2024-09-03","50.865917","7.142744","92.04","KOLN BONN, GM","  71.3","24","  63.8","24","9999.9"," 0","999.9"," 0","  6.1","24","  3.9","24"," 11.1","999.9","  84.2","*","  60.8","*","99.99"," ","999.9","010000"
"10513099999","2024-09-04","50.865917","7.142744","92.04","KOLN BONN, GM","  64.6","24","  63.3","24","9999.9"," 0","999.9"," 0","  5.3","24","  4.6","24","  8.0","999.9","  66.2","*","  62.6","*","99.99"," ","999.9","010000"
"10513099999","2024-09-05","50.865917","7.142744","92.04","KOLN BONN, GM","  72.2","24","  63.5","24","9999.9"," 0","999.9"," 0","  5.6","24","  3.8","24","  8.0","999.9","  87.8","*","  60.8","*"," 0.00","I","999.9","100000"
"10513099999","2024-09-06","50.865917","7.142744","92.04","KOLN BONN, GM","  68.4","24","  63.7","24","9999.9"," 0","999.9"," 0","  5.5","24","  4.1","24","  8.9","999.9","  75.2","*","  59.0","*"," 0.00","I","999.9","000000"
"10513099999","2024-09-07","50.865917","7.142744","92.04","KOLN BONN, GM","  69.4","24","  60.5","24","9999.9"," 0","999.9"," 0","  6.2","24","  4.2","24","  8.9","999.9","  84.2","*","  55.4","*"," 0.00","I","999.9","000000"
"10513099999","2024-09-08","50.865917","7.142744","92.04","KOLN BONN, GM","  67.0","24","  57.5","24","9999.9"," 0","999.9"," 0","  6.2","24","  5.0","24"," 11.1","999.9","  75.2","*","  53.6","*","99.99"," ","999.9","010000"
"10513099999","2024-09-09","50.865917","7.142744","92.04","KOLN BONN, GM","  59.8","24","  57.4","24","9999.9"," 0","999.9"," 0","  5.9","24","  6.4","24"," 13.0"," 22.0","  64.4","*","  51.8","*","99.99"," ","999.9","010000"
"10513099999","2024-09-10","50.865917","7.142744","92.04","KOLN BONN, GM","  59.8","24","  52.2","24","9999.9"," 0","999.9"," 0","  6.2","24","  9.2","24"," 15.0","999.9","  66.2","*","  55.4","*","99.99"," ","999.9","010000"
"10513099999","2024-09-11","50.865917","7.142744","92.04","KOLN BONN, GM","  54.1","24","  47.6","24","9999.9"," 0","999.9"," 0","  6.1","24"," 10.5","24"," 22.0"," 31.1","  60.8","*","  46.4","*","99.99"," ","999.9","010000"
"10513099999","2024-09-12","50.865917","7.142744","92.04","KOLN BONN, GM","  49.9","24","  45.2","24","9999.9"," 0","999.9"," 0","  5.8","24","  4.2","24"," 13.0","999.9","  59.0","*","  42.8","*","99.99"," ","999.9","010000"
"10513099999","2024-09-13","50.865917","7.142744","92.04","KOLN BONN, GM","  46.7","17","  45.3","17","9999.9"," 0","999.9"," 0","  4.0","17","  3.6","17","  7.0","999.9","  57.2","*","  41.0","*"," 0.00","I","999.9","100000"
"10513099999","2024-09-14","50.865917","7.142744","92.04","KOLN BONN, GM","  50.3","24","  44.0","24","9999.9"," 0","999.9"," 0","  6.2","24","  3.9","24","  9.9","999.9","  62.6","*","  41.0","*"," 0.00","I","999.9","000000"
"10513099999","2024-09-15","50.865917","7.142744","92.04","KOLN BONN, GM","  54.1","24","  47.2","24","9999.9"," 0","999.9"," 0","  6.2","24","  3.6","24","  8.0","999.9","  64.4","*","  41.0","*"," 0.00","I","999.9","000000"
"10513099999","2024-09-16","50.865917","7.142744","92.04","KOLN BONN, GM","  61.1","24","  53.8","24","9999.9"," 0","999.9"," 0","  6.2","24","  4.6","24"," 11.1"," 17.1","  69.8","*","  55.4","*"," 0.00","I","999.9","000000"
"10513099999","2024-09-17","50.865917","7.142744","92.04","KOLN BONN, GM","  60.8","24","  55.4","24","9999.9"," 0","999.9"," 0","  6.2","24","  6.7","24"," 15.0","999.9","  71.6","*","  53.6","*"," 0.00","I","999.9","000000"
"10513099999","2024-09-18","50.865917","7.142744","92.04","KOLN BONN, GM","  64.4","24","  53.6","24","9999.9"," 0","999.9"," 0","  5.8","24","  6.0","24"," 15.0"," 25.1","  77.0","*","  50.0","*"," 0.00","I","999.9","000000"
"10513099999","2024-09-19","50.865917","7.142744","92.04","KOLN BONN, GM","  67.3","24","  54.5","24","9999.9"," 0","999.9"," 0","  6.2","24","  8.0","24"," 15.0"," 28.9","  77.0","*","  59.0","*","99.99"," ","999.9","010000"
"10513099999","2024-09-20","50.865917","7.142744","92.04","KOLN BONN, GM","  64.7","24","  53.2","24","9999.9"," 0","999.9"," 0","  6.2","24","  6.0","24","  9.9","999.9","  75.2","*","  53.6","*"," 0.00","I","999.9","000000"
"10513099999","2024-09-21","50.865917","7.142744","92.04","KOLN BONN, GM","  62.2","24","  54.4","24","9999.9"," 0","999.9"," 0","  6.2","24","  3.6","24","  7.0","999.9","  77.0","*","  48.2","*"," 0.00","I","999.9","000000"
"10513099999","2024-09-22","50.865917","7.142744","92.04","KOLN BONN, GM","  63.1","24","  54.5","24","9999.9"," 0","999.9"," 0","  6.2","24","  3.2","24","  7.0","999.9","  77.0","*","  51.8","*"," 0.00","I","999.9","000000"
"10513099999","2024-09-23","50.865917","7.142744","92.04","KOLN BONN, GM","  63.2","24","  55.3","24","9999.9"," 0","999.9"," 0","  6.2","24","  5.1","24"," 12.0","999.9","  71.6","*","  53.6","*","99.99"," ","999.9","010000"
"10513099999","2024-09-24","50.865917","7.142744","92.04","KOLN BONN, GM","  58.8","24","  54.9","24","9999.9"," 0","999.9"," 0","  5.9","24","  6.5","24"," 15.9","999.9","  66.2","*","  53.6","*","99.99"," ","999.9","010000"
"10513099999","2024-09-25","50.865917","7.142744","92.04","KOLN BONN, GM","  58.9","24","  56.2","24","9999.9"," 0","999.9"," 0","  6.2","24","  7.3","24"," 11.1","999.9","  64.4","*","  57.2","*","99.99"," ","999.9","010000"
"10513099999","2024-09-26","50.865917","7.142744","92.04","KOLN BONN, GM","  60.8","24","  56.5","24","9999.9"," 0","999.9"," 0","  6.2","24","  8.6","24"," 13.0"," 22.9","  66.2","*","  55.4","*","99.99"," ","999.9","010000"
"10513099999","2024-09-27","50.865917","7.142744","92.04","KOLN BONN, GM","  57.3","24","  48.2","24","9999.9"," 0","999.9"," 0","  6.2","24"," 12.4","24"," 22.9"," 34.0","  64.4","*","  51.8","*","99.99"," ","999.9","010000"
"10513099999","2024-09-28","50.865917","7.142744","92.04","KOLN BONN, GM","  51.5","24","  45.6","24","9999.9"," 0","999.9"," 0","  6.2","24","  7.5","24"," 15.0","999.9","  59.0","*","  44.6","*","99.99"," ","999.9","010000"
"10513099999","2024-09-29","50.865917","7.142744","92.04","KOLN BONN, GM","  50.0","24","  42.4","24","9999.9"," 0","999.9"," 0","  6.2","24","  4.3","24","  8.9"," 19.0","  59.0","*","  39.2","*"," 0.00","I","999.9","000000"
"10513099999","2024-09-30","50.865917","7.142744","92.04","KOLN BONN, GM","  54.6","24","  48.4","24","9999.9"," 0","999.9"," 0","  6.2","24"," 10.5","24"," 14.0","999.9","  59.0","*","  48.2","*","99.99"," ","999.9","010000"
"10513099999","2024-10-01","50.865917","7.142744","92.04","KOLN BONN, GM","  55.8","24","  50.5","24","9999.9"," 0","999.9"," 0","  6.1","24","  6.5","24"," 14.0","999.9","  60.8","*","  50.0","*","99.99"," ","999.9","010000"
"10513099999","2024-10-02","50.865917","7.142744","92.04","KOLN BONN, GM","  52.2","24","  49.1","24","9999.9"," 0","999.9"," 0","  6.2","24","  4.1","24","  8.0","999.9","  59.0","*","  46.4","*","99.99"," ","999.9","010000"
"10513099999","2024-10-03","50.865917","7.142744","92.04","KOLN BONN, GM","  49.8","24","  44.4","24","9999.9"," 0","999.9"," 0","  6.2","24","  4.9","24"," 11.1","999.9","  55.4","*","  42.8","*"," 0.00","I","999.9","000000"
"10513099999","2024-10-04","50.865917","7.142744","92.04","KOLN BONN, GM","  49.1","24","  44.8","24","9999.9"," 0","999.9"," 0","  6.2","24","  3.6","24","  8.0","999.9","  59.0","*","  39.2","*"," 0.00","I","999.9","000000"
"10513099999","2024-10-05","50.865917","7.142744","92.04","KOLN BONN, GM","  47.6","24","  41.7","24","9999.9"," 0","999.9"," 0","  6.2","24","  3.2","24","  7.0","999.9","  60.8","*","  35.6","*"," 0.00","I","999.9","000000"
"10513099999","2024-10-06","50.865917","7.142744","92.04","KOLN BONN, GM","  50.4","24","  44.5","24","9999.9"," 0","999.9"," 0","  6.2","24","  8.0","24"," 15.9"," 22.9","  59.0","*","  42.8","*","99.99"," ","999.9","010000"
"10513099999","2024-10-07","50.865917","7.142744","92.04","KOLN BONN, GM","  60.9","24","  55.0","24","9999.9"," 0","999.9"," 0","  6.2","24","  6.8","24"," 11.1","999.9","  68.0","*","  53.6","*","99.99"," ","999.9","010000"
"10513099999","2024-10-08","50.865917","7.142744","92.04","KOLN BONN, GM","  61.8","24","  56.0","24","9999.9"," 0","999.9"," 0","  6.2","24","  7.6","24"," 13.0","999.9","  68.0","*","  57.2","*","99.99"," ","999.9","010000"
"10513099999","2024-10-09","50.865917","7.142744","92.04","KOLN BONN, GM","  57.4","24","  55.5","24","9999.9"," 0","999.9"," 0","  6.2","24"," 10.2","24"," 13.0","999.9","  60.8","*","  55.4","*","99.99"," ","999.9","010000"
"10513099999","2024-10-10","50.865917","7.142744","92.04","KOLN BONN, GM","  55.0","24","  51.2","24","9999.9"," 0","999.9"," 0","  6.0","24"," 10.1","24"," 17.1","999.9","  59.0","*","  48.2","*","99.99"," ","999.9","010000"
"10513099999","2024-10-11","50.865917","7.142744","92.04","KOLN BONN, GM","  48.5","24","  43.5","24","9999.9"," 0","999.9"," 0","  5.8","24","  3.3","24","  6.0","999.9","  57.2","*","  41.0","*","99.99"," ","999.9","110000"
"10513099999","2024-10-12","50.865917","7.142744","92.04","KOLN BONN, GM","  47.4","24","  43.7","24","9999.9"," 0","999.9"," 0","  6.2","24","  7.2","24"," 11.1","999.9","  55.4","*","  37.4","*","99.99"," ","999.9","010000"
"10513099999","2024-10-13","50.865917","7.142744","92.04","KOLN BONN, GM","  49.5","24","  42.9","24","9999.9"," 0","999.9"," 0","  6.2","24"," 10.9","24"," 19.0"," 27.0","  53.6","*","  41.0","*","99.99"," ","999.9","010000"
"10513099999","2024-10-14","50.865917","7.142744","92.04","KOLN BONN, GM","  46.5","24","  44.2","24","9999.9"," 0","999.9"," 0","  5.8","24","  3.7","24"," 11.1","999.9","  51.8","*","  39.2","*","99.99"," ","999.9","110000"
"10513099999","2024-10-15","50.865917","7.142744","92.04","KOLN BONN, GM","  50.3","24","  46.8","24","9999.9"," 0","999.9"," 0","  6.0","24","  7.1","24"," 14.0","999.9","  53.6","*","  44.6","*"," 0.00","I","999.9","000000"
"10513099999","2024-10-16","50.865917","7.142744","92.04","KOLN BONN, GM","  59.3","24","  52.2","24","9999.9"," 0","999.9"," 0","  6.2","24"," 10.1","24"," 17.1"," 21.0","  66.2","*","  55.4","*","99.99"," ","999.9","010000"
"10513099999","2024-10-17","50.865917","7.142744","92.04","KOLN BONN, GM","  62.6","24","  57.5","24","9999.9"," 0","999.9"," 0","  6.1","24","  6.8","24"," 13.0","999.9","  69.8","*","  55.4","*","99.99"," ","999.9","010000"
"10513099999","2024-10-18","50.865917","7.142744","92.04","KOLN BONN, GM","  57.5","24","  55.2","24","9999.9"," 0","999.9"," 0","  5.8","24","  2.6","24","  6.0","999.9","  66.2","*","  50.0","*","99.99"," ","999.9","110000"
"10513099999","2024-10-19","50.865917","7.142744","92.04","KOLN BONN, GM","  57.6","24","  54.4","24","9999.9"," 0","999.9"," 0","  5.6","24","  5.0","24"," 11.1","999.9","  64.4","*","  51.8","*","99.99"," ","999.9","010000"
"10513099999","2024-10-20","50.865917","7.142744","92.04","KOLN BONN, GM","  57.9","24","  53.0","24","9999.9"," 0","999.9"," 0","  6.2","24","  7.2","24"," 14.0","999.9","  64.4","*","  50.0","*","99.99"," ","999.9","010000"
"10513099999","2024-10-21","50.865917","7.142744","92.04","KOLN BONN, GM","  60.4","24","  56.8","24","9999.9"," 0","999.9"," 0","  6.2","24","  6.8","24"," 11.1","999.9","  66.2","*","  55.4","*","99.99"," ","999.9","010000"
"10513099999","2024-10-22","50.865917","7.142744","92.04","KOLN BONN, GM","  54.0","24","  49.6","24","9999.9"," 0","999.9"," 0","  6.2","24","  5.6","24"," 17.1","999.9","  60.8","*","  46.4","*","99.99"," ","999.9","010000"
"10513099999","2024-10-23","50.865917","7.142744","92.04","KOLN BONN, GM","  50.2","24","  46.0","24","9999.9"," 0","999.9"," 0","  6.2","24","  2.8","24","  6.0","999.9","  60.8","*","  41.0","*"," 0.00","I","999.9","000000"
"10513099999","2024-10-24","50.865917","7.142744","92.04","KOLN BONN, GM","  51.0","24","  47.4","24","9999.9"," 0","999.9"," 0","  6.2","24","  6.2","24"," 12.0","999.9","  57.2","*","  39.2","*"," 0.00","I","999.9","000000"
"10513099999","2024-10-25","50.865917","7.142744","92.04","KOLN BONN, GM","  58.5","24","  53.4","24","9999.9"," 0","999.9"," 0","  6.2","24","  6.6","24"," 14.0","999.9","  68.0","*","  51.8","*"," 0.00","I","999.9","000000"
"10513099999","2024-10-26","50.865917","7.142744","92.04","KOLN BONN, GM","  56.2","24","  51.3","24","9999.9"," 0","999.9"," 0","  6.2","24","  6.1","24"," 11.1","999.9","  64.4","*","  51.8","*"," 0.00","I","999.9","000000"
"10513099999","2024-10-27","50.865917","7.142744","92.04","KOLN BONN, GM","  56.5","24","  54.3","24","9999.9"," 0","999.9"," 0","  6.1","24","  2.7","24","  7.0","999.9","  60.8","*","  53.6","*","99.99"," ","999.9","010000"
"10513099999","2024-10-28","50.865917","7.142744","92.04","KOLN BONN, GM","  57.0","24","  53.7","24","9999.9"," 0","999.9"," 0","  5.6","24","  3.9","24","  8.0","999.9","  62.6","*","  46.4","*","99.99"," ","999.9","010000"
"10513099999","2024-10-29","50.865917","7.142744","92.04","KOLN BONN, GM","  55.7","24","  51.9","24","9999.9"," 0","999.9"," 0","  6.2","24","  3.5","24","  7.0","999.9","  62.6","*","  48.2","*","99.99"," ","999.9","010000"
"10513099999","2024-10-30","50.865917","7.142744","92.04","KOLN BONN, GM","  55.6","24","  53.7","24","9999.9"," 0","999.9"," 0","  5.1","24","  3.1","24","  5.1","999.9","  57.2","*","  53.6","*","99.99"," ","999.9","010000"
"10513099999","2024-10-31","50.865917","7.142744","92.04","KOLN BONN, GM","  54.2","24","  50.0","24","9999.9"," 0","999.9"," 0","  6.2","24","  3.4","24","  8.9","999.9","  62.6","*","  46.4","*"," 0.00","I","999.9","000000"
"10513099999","2024-11-01","50.865917","7.142744","92.04","KOLN BONN, GM","  47.9","24","  47.0","24","9999.9"," 0","999.9"," 0","  4.2","24","  2.1","24","  7.0","999.9","  50.0","*","  41.0","*","99.99"," ","999.9","010000"
"10513099999","2024-11-02","50.865917","7.142744","92.04","KOLN BONN, GM","  50.7","24","  48.8","24","9999.9"," 0","999.9"," 0","  4.8","24","  2.5","24","  7.0","999.9","  55.4","*","  42.8","*","99.99"," ","999.9","010000"
"10513099999","2024-11-03","50.865917","7.142744","92.04","KOLN BONN, GM","  46.3","24","  41.8","24","9999.9"," 0","999.9"," 0","  6.2","24","  4.3","24","  8.9","999.9","  57.2","*","  39.2","*"," 0.00","I","999.9","000000"
"10513099999","2024-11-04","50.865917","7.142744","92.04","KOLN BONN, GM","  45.0","23","  39.8","23","9999.9"," 0","999.9"," 0","  6.1","23","  4.1","23","  8.9","999.9","  59.0","*","  33.8","*"," 0.00","I","999.9","000000"
"10513099999","2024-11-05","50.865917","7.142744","92.04","KOLN BONN, GM","  42.6","24","  38.2","24","9999.9"," 0","999.9"," 0","  6.2","24","  6.5","24"," 13.0","999.9","  48.2","*","  37.4","*"," 0.00","I","999.9","000000"
"10513099999","2024-11-06","50.865917","7.142744","92.04","KOLN BONN, GM","  44.3","24","  43.2","24","9999.9"," 0","999.9"," 0","  3.6","24","  2.6","24","  4.1","999.9","  46.4","*","  41.0","*","99.99"," ","999.9","010000"
"10513099999","2024-11-07","50.865917","7.142744","92.04","KOLN BONN, GM","  42.3","24","  39.4","24","9999.9"," 0","999.9"," 0","  5.7","24","  4.7","24","  7.0","999.9","  44.6","*","  39.2","*"," 0.00","I","999.9","000000"
"10513099999","2024-11-08","50.865917","7.142744","92.04","KOLN BONN, GM","  42.3","24","  36.9","24","9999.9"," 0","999.9"," 0","  6.2","24","  6.1","24","  9.9","999.9","  44.6","*","  41.0","*"," 0.00","I","999.9","000000"
"10513099999","2024-11-09","50.865917","7.142744","92.04","KOLN BONN, GM","  46.9","24","  42.7","24","9999.9"," 0","999.9"," 0","  6.2","24","  5.7","24","  8.0","999.9","  50.0","*","  44.6","*"," 0.00","I","999.9","000000"
"10513099999","2024-11-10","50.865917","7.142744","92.04","KOLN BONN, GM","  46.9","24","  44.1","24","9999.9"," 0","999.9"," 0","  5.9","24","  3.5","24","  6.0","999.9","  50.0","*","  42.8","*","99.99"," ","999.9","010000"
"10513099999","2024-11-11","50.865917","7.142744","92.04","KOLN BONN, GM","  47.7","24","  44.8","24","9999.9"," 0","999.9"," 0","  5.6","24","  5.2","24"," 12.0","999.9","  53.6","*","  46.4","*","99.99"," ","999.9","010000"
"10513099999","2024-11-12","50.865917","7.142744","92.04","KOLN BONN, GM","  47.2","24","  42.5","24","9999.9"," 0","999.9"," 0","  6.1","24","  4.8","24","  9.9","999.9","  51.8","*","  44.6","*","99.99"," ","999.9","010000"
"10513099999","2024-11-13","50.865917","7.142744","92.04","KOLN BONN, GM","  44.8","24","  40.8","24","9999.9"," 0","999.9"," 0","  4.8","24","  4.2","24","  8.0","999.9","  48.2","*","  41.0","*","99.99"," ","999.9","010000"
"10513099999","2024-11-14","50.865917","7.142744","92.04","KOLN BONN, GM","  48.1","24","  45.7","24","9999.9"," 0","999.9"," 0","  4.6","24","  5.1","24","  8.0","999.9","  50.0","*","  46.4","*","99.99"," ","999.9","010000"
"10513099999","2024-11-15","50.865917","7.142744","92.04","KOLN BONN, GM","  46.5","24","  42.9","24","9999.9"," 0","999.9"," 0","  5.7","24","  2.9","24","  5.1","999.9","  48.2","*","  44.6","*"," 0.00","I","999.9","000000"
"10513099999","2024-11-16","50.865917","7.142744","92.04","KOLN BONN, GM","  43.8","24","  36.1","24","9999.9"," 0","999.9"," 0","  6.2","24","  5.9","24","  8.9","999.9","  44.6","*","  42.8","*","99.99"," ","999.9","010000"
"10513099999","2024-11-17","50.865917","7.142744","92.04","KOLN BONN, GM","  44.3","22","  40.6","22","9999.9"," 0","999.9"," 0","  6.1","22","  9.2","22"," 15.9"," 24.1","  48.2","*","  41.0","*","99.99"," ","999.9","010000"
"10513099999","2024-11-22","50.865917","7.142744","92.04","KOLN BONN, GM","  34.6","24","  29.8","24","9999.9"," 0","999.9"," 0","  6.2","24","  9.7","24"," 26.0","999.9","  39.2","*","  28.4","*","99.99"," ","999.9","011000"
"10513099999","2024-11-23","50.865917","7.142744","92.04","KOLN BONN, GM","  38.3","24","  31.9","24","9999.9"," 0","999.9"," 0","  6.1","24","  8.7","24"," 15.0","999.9","  50.0","*","  32.0","*","99.99"," ","999.9","010000"
"10513099999","2024-11-24","50.865917","7.142744","92.04","KOLN BONN, GM","  58.4","24","  43.5","24","9999.9"," 0","999.9"," 0","  6.2","24"," 13.2","24"," 19.0"," 27.0","  64.4","*","  50.0","*","99.99"," ","999.9","010000"
"10513099999","2024-11-25","50.865917","7.142744","92.04","KOLN BONN, GM","  57.4","24","  45.6","24","9999.9"," 0","999.9"," 0","  6.1","24"," 12.4","24"," 22.0"," 32.1","  64.4","*","  46.4","*","99.99"," ","999.9","010000"
"10513099999","2024-11-26","50.865917","7.142744","92.04","KOLN BONN, GM","  46.6","24","  41.3","24","9999.9"," 0","999.9"," 0","  6.2","24","  5.9","24"," 12.0","999.9","  51.8","*","  41.0","*","99.99"," ","999.9","010000"
"10513099999","2024-11-27","50.865917","7.142744","92.04","KOLN BONN, GM","  47.5","24","  42.0","24","9999.9"," 0","999.9"," 0","  6.2","24"," 11.5","24"," 22.0"," 32.1","  53.6","*","  41.0","*","99.99"," ","999.9","010000"
"10513099999","2024-11-28","50.865917","7.142744","92.04","KOLN BONN, GM","  44.6","24","  38.7","24","9999.9"," 0","999.9"," 0","  6.2","24"," 11.4","24"," 17.1","999.9","  46.4","*","  41.0","*","99.99"," ","999.9","010000"
"10513099999","2024-11-29","50.865917","7.142744","92.04","KOLN BONN, GM","  38.0","24","  33.5","24","9999.9"," 0","999.9"," 0","  5.6","24","  4.5","24","  8.9","999.9","  44.6","*","  30.2","*"," 0.00","I","999.9","000000"
"10513099999","2024-11-30","50.865917","7.142744","92.04","KOLN BONN, GM","  39.0","22","  31.0","22","9999.9"," 0","999.9"," 0","  6.2","22","  8.6","22"," 14.0","999.9","  44.6","*","  35.6","*"," 0.00","I","999.9","000000"
"10513099999","2024-12-02","50.865917","7.142744","92.04","KOLN BONN, GM","  46.3","24","  41.5","24","9999.9"," 0","999.9"," 0","  6.2","24","  7.5","24"," 12.0","999.9","  51.8","*","  41.0","*","99.99"," ","999.9","010000"
"10513099999","2024-12-03","50.865917","7.142744","92.04","KOLN BONN, GM","  43.2","19","  38.3","19","9999.9"," 0","999.9"," 0","  6.1","19","  8.2","19"," 17.1","999.9","  46.4","*","  35.6","*","99.99"," ","999.9","010000"
"10513099999","2024-12-04","50.865917","7.142744","92.04","KOLN BONN, GM","  37.9","24","  35.6","24","9999.9"," 0","999.9"," 0","  5.5","24","  3.4","24","  7.0","999.9","  41.0","*","  32.0","*","99.99"," ","999.9","010000"
"10513099999","2024-12-05","50.865917","7.142744","92.04","KOLN BONN, GM","  39.2","24","  36.1","24","9999.9"," 0","999.9"," 0","  5.9","24","  8.7","24"," 14.0","999.9","  42.8","*","  35.6","*","99.99"," ","999.9","010000"
"10513099999","2024-12-06","50.865917","7.142744","92.04","KOLN BONN, GM","  45.4","24","  39.1","24","9999.9"," 0","999.9"," 0","  6.1","24"," 17.1","24"," 27.0"," 39.0","  48.2","*","  39.2","*","99.99"," ","999.9","010000"
"10513099999","2024-12-07","50.865917","7.142744","92.04","KOLN BONN, GM","  44.8","24","  38.6","24","9999.9"," 0","999.9"," 0","  6.2","24"," 10.2","24"," 15.0"," 28.0","  50.0","*","  39.2","*","99.99"," ","999.9","010000"
"10513099999","2024-12-08","50.865917","7.142744","92.04","KOLN BONN, GM","  41.8","24","  37.2","24","9999.9"," 0","999.9"," 0","  6.2","24","  7.3","24"," 14.0","999.9","  46.4","*","  39.2","*","99.99"," ","999.9","010000"
"10513099999","2024-12-09","50.865917","7.142744","92.04","KOLN BONN, GM","  40.9","24","  35.7","24","9999.9"," 0","999.9"," 0","  6.2","24","  7.3","24"," 14.0","999.9","  44.6","*","  37.4","*","99.99"," ","999.9","010000"
"10513099999","2024-12-10","50.865917","7.142744","92.04","KOLN BONN, GM","  41.9","24","  37.1","24","9999.9"," 0","999.9"," 0","  6.2","24","  5.4","24","  8.0","999.9","  44.6","*","  41.0","*","99.99"," ","999.9","010000"
"10513099999","2024-12-11","50.865917","7.142744","92.04","KOLN BONN, GM","  38.3","24","  32.2","24","9999.9"," 0","999.9"," 0","  6.2","24","  3.1","24","  8.0","999.9","  41.0","*","  35.6","*"," 0.00","I","999.9","000000"
"10513099999","2024-12-12","50.865917","7.142744","92.04","KOLN BONN, GM","  34.8","24","  29.4","24","9999.9"," 0","999.9"," 0","  6.2","24","  3.2","24","  6.0","999.9","  35.6","*","  32.0","*"," 0.00","I","999.9","000000"
"10513099999","2024-12-13","50.865917","7.142744","92.04","KOLN BONN, GM","  32.8","24","  28.0","24","9999.9"," 0","999.9"," 0","  6.2","24","  7.1","24"," 11.1","999.9","  35.6","*","  30.2","*"," 0.00","I","999.9","000000"
"10513099999","2024-12-14","50.865917","7.142744","92.04","KOLN BONN, GM","  35.8","24","  32.1","24","9999.9"," 0","999.9"," 0","  6.0","24","  7.8","24"," 14.0","999.9","  41.0","*","  30.2","*","99.99"," ","999.9","011000"
"10513099999","2024-12-15","50.865917","7.142744","92.04","KOLN BONN, GM","  43.7","24","  40.4","24","9999.9"," 0","999.9"," 0","  6.2","24","  7.8","24"," 13.0","999.9","  48.2","*","  37.4","*","99.99"," ","999.9","010000"
"10513099999","2024-12-16","50.865917","7.142744","92.04","KOLN BONN, GM","  50.4","24","  45.6","24","9999.9"," 0","999.9"," 0","  6.1","24"," 13.0","24"," 18.1","999.9","  51.8","*","  48.2","*","99.99"," ","999.9","010000"
"10513099999","2024-12-17","50.865917","7.142744","92.04","KOLN BONN, GM","  46.5","24","  42.3","24","9999.9"," 0","999.9"," 0","  6.2","24","  6.2","24"," 12.0","999.9","  48.2","*","  42.8","*","99.99"," ","999.9","010000"
"10513099999","2024-12-18","50.865917","7.142744","92.04","KOLN BONN, GM","  49.2","20","  42.6","20","9999.9"," 0","999.9"," 0","  6.2","20"," 10.2","20"," 15.9","999.9","  55.4","*","  42.8","*","99.99"," ","999.9","010000"
"10513099999","2024-12-19","50.865917","7.142744","92.04","KOLN BONN, GM","  48.7","24","  43.3","24","9999.9"," 0","999.9"," 0","  6.2","24"," 13.5","24"," 24.1"," 34.0","  59.0","*","  39.2","*","99.99"," ","999.9","010000"
"10513099999","2024-12-20","50.865917","7.142744","92.04","KOLN BONN, GM","  39.4","24","  34.1","24","9999.9"," 0","999.9"," 0","  6.2","24","  9.8","24"," 15.0","999.9","  42.8","*","  33.8","*","99.99"," ","999.9","010000"
"10513099999","2024-12-21","50.865917","7.142744","92.04","KOLN BONN, GM","  45.3","24","  39.6","24","9999.9"," 0","999.9"," 0","  6.1","24"," 10.1","24"," 15.9","999.9","  48.2","*","  41.0","*","99.99"," ","999.9","010000"
"10513099999","2024-12-22","50.865917","7.142744","92.04","KOLN BONN, GM","  40.7","24","  36.0","24","9999.9"," 0","999.9"," 0","  6.2","24"," 10.4","24"," 18.1"," 28.9","  48.2","*","  35.6","*","99.99"," ","999.9","011000"
"10513099999","2024-12-23","50.865917","7.142744","92.04","KOLN BONN, GM","  39.4","24","  35.4","24","9999.9"," 0","999.9"," 0","  6.0","24","  8.0","24"," 18.1"," 28.0","  44.6","*","  35.6","*","99.99"," ","999.9","010000"
"10513099999","2024-12-24","50.865917","7.142744","92.04","KOLN BONN, GM","  39.7","24","  37.6","24","9999.9"," 0","999.9"," 0","  5.5","24","  4.2","24","  8.0","999.9","  42.8","*","  37.4","*","99.99"," ","999.9","010000"
"10513099999","2024-12-25","50.865917","7.142744","92.04","KOLN BONN, GM","  42.9","24","  41.4","24","9999.9"," 0","999.9"," 0","  5.3","24","  4.8","24","  8.0","999.9","  46.4","*","  41.0","*","99.99"," ","999.9","010000"
"10513099999","2024-12-26","50.865917","7.142744","92.04","KOLN BONN, GM","  41.2","24","  37.9","24","9999.9"," 0","999.9"," 0","  6.2","24","  4.8","24","  8.0","999.9","  48.2","*","  32.0","*"," 0.00","I","999.9","000000"
"10513099999","2024-12-27","50.865917","7.142744","92.04","KOLN BONN, GM","  36.1","24","  30.5","24","9999.9"," 0","999.9"," 0","  6.2","24","  3.7","24","  6.0","999.9","  46.4","*","  28.4","*"," 0.00","I","999.9","000000"
"10513099999","2024-12-28","50.865917","7.142744","92.04","KOLN BONN, GM","  33.3","24","  28.0","24","9999.9"," 0","999.9"," 0","  6.2","24","  3.0","24","  8.0","999.9","  42.8","*","  26.6","*"," 0.00","I","999.9","000000"
"10513099999","2024-12-29","50.865917","7.142744","92.04","KOLN BONN, GM","  30.7","24","  29.5","24","9999.9"," 0","999.9"," 0","  4.5","24","  3.1","24","  7.0","999.9","  33.8","*","  26.6","*","99.99"," ","999.9","110000"
"10513099999","2024-12-30","50.865917","7.142744","92.04","KOLN BONN, GM","  32.4","24","  30.9","24","9999.9"," 0","999.9"," 0","  4.9","24","  7.0","24","  9.9","999.9","  33.8","*","  30.2","*","99.99"," ","999.9","010000"
"10513099999","2024-12-31","50.865917","7.142744","92.04","KOLN BONN, GM","  32.9","24","  28.9","24","9999.9"," 0","999.9"," 0","  6.2","24","  7.8","24"," 14.0","999.9","  37.4","*","  30.2","*"," 0.00","I","999.9","000000"
